sample,a,b,r2,t95
Sample_001,0.00026019349767769477,0.624721441190135,0.9857892709632267,4712.591510483097
Sample_002,0.0002369336329617615,0.6475779586418331,0.9881439020399133,4040.2987600424303
Sample_003,0.00024333119725337526,0.6386783277832305,0.976484856019875,4350.6048623039
Sample_004,0.00019551404573257076,0.657529414895841,0.9769036974212235,4772.48273649477
Sample_005,0.0002486499726869483,0.6422545981596679,0.9761807097588973,4014.835370726088
Sample_006,0.00027546677882974585,0.646276570730866,0.9855712055787446,3253.979065155316
Sample_007,0.00026819613530273755,0.6240546238974366,0.9795892507947109,4530.051637564424
Sample_008,0.0002802766121042751,0.6625363458064245,0.9871252076041582,2599.365483085145
Sample_009,0.0002441519770377988,0.6376522101536424,0.9790268193310471,4386.431417491392
Sample_010,0.0002673010612625339,0.6280376624051456,0.9774910233822943,4317.453859340128
Sample_011,0.00026072047334354474,0.6229680315014727,0.9791464050653489,4810.476261567808
Sample_012,0.0002487238581408582,0.6558405633845784,0.9812556837168261,3379.2457175627783
Sample_013,0.0002642637545194184,0.6171491903090813,0.9731682468195945,5098.079664934067
Sample_014,0.0003044541707055347,0.6233183584225316,0.9822786322846893,3733.128840398319
Sample_015,0.0001630428531532536,0.6680468382246569,0.9726217399567367,5481.479058859378
Sample_016,0.00030212255940593937,0.6386668678406806,0.9844642885947579,3100.6751356995856
Sample_017,0.00025572781052104137,0.6619743733865617,0.9895156286475745,3005.4046934170774
Sample_018,0.00021155602870695183,0.6738720585074585,0.9790883004472742,3457.053769353499
Sample_019,0.0002532427425517213,0.667611877083377,0.9909565752586961,2850.2764514120145
Sample_020,0.0002790909947100624,0.6443294891444291,0.9871455585347877,3267.523700895981
Sample_021,0.00025163811698443293,0.6753566794327726,0.988712552628225,2626.363857228475
Sample_022,0.0002294007872574948,0.6646242547449426,0.9839084690185166,3427.90289127229
Sample_023,0.00027028755572734866,0.6968350794559107,0.9906714745483326,1859.528225032392
Sample_024,0.00028648321602042407,0.6383455108089127,0.9879469976044996,3383.5775283561816
Sample_025,0.00025985975275521323,0.650161649774137,0.9795193801024488,3391.4543735348625
Sample_026,0.00023687450345189913,0.6719943296622096,0.9858794714331731,2989.087760568804
Sample_027,0.00028759283896495174,0.6587393623524164,0.9877244904387366,2615.543017575526
Sample_028,0.0002307230671771342,0.6355551427063139,0.9668373711442569,4929.316428161631
Sample_029,0.00031188735957414976,0.6079828379911361,0.9762475859974437,4415.125464318966
Sample_030,0.00024275905360060437,0.6232023793924759,0.9789558817033777,5377.07410932149
Sample_031,0.00018219139524654543,0.6571667967836605,0.9691567226261737,5338.435740328223
Sample_032,0.0002323510080045746,0.6392581547715455,0.9801276121728794,4641.078347942962
Sample_033,0.0002568016586533638,0.6900209602284537,0.992001315380446,2157.2612285435425
Sample_034,0.0002487252155651018,0.6443660954968171,0.9770712204817302,3905.3063386686385
Sample_035,0.0002430587737378052,0.6439708957940808,0.9815746068873684,4068.1892527654545
Sample_036,0.00023153980948814807,0.6537141648711019,0.9814303498517517,3871.3285243673117
Sample_037,0.00028628497352938166,0.6367532600498871,0.9796454790451642,3456.7959082417965
Sample_038,0.0002533898160433425,0.6357693782457164,0.9844894657010058,4241.586610530039
Sample_039,0.000294799058521092,0.6416563392020698,0.9849272203795697,3103.1179180394756
Sample_040,0.00029793205773603817,0.6329523997007135,0.9888399792387051,3408.4868591093314
Sample_041,0.00021050901231106566,0.6820320201805109,0.9855232470618348,3158.8400132129696
Sample_042,0.00023022801613172686,0.658349259713263,0.9855139026613978,3684.2388826424867
Sample_043,0.0002730590608864563,0.6509795986630783,0.9834973470794327,3110.9708783221845
Sample_044,0.00017573279051397262,0.7081362814289903,0.98107408809106,3028.738672597643
Sample_045,0.0002087863760286311,0.6788971905326555,0.9805132308519278,3318.510422671525
Sample_046,0.00030387546575954806,0.5838968519188379,0.9637145698393059,6526.116854627655
Sample_047,0.000294180581977246,0.6315686879781369,0.986074329228542,3540.093655625335
Sample_048,0.00019832521063007882,0.6924426608848916,0.9865100937319475,3050.0488541951227
Sample_049,0.00025269895236923077,0.6355281817936087,0.9740737815704391,4273.372776962006
Sample_050,0.00030241696878740307,0.583578536874209,0.9724300971431521,6611.743950036801
Sample_051,0.00027239388939338127,0.589423502079758,0.9722628941970417,7235.5498800217965
Sample_052,0.00028866858514780647,0.6429327678236042,0.98405639224266,3155.4488844854977
Sample_053,0.0002416152585100073,0.666778808614248,0.9868478436141036,3088.9958244832187
Sample_054,0.00021170472675953358,0.6480258140072694,0.9765027666826553,4779.418839696496
Sample_055,0.0002629009007422494,0.6967837700307563,0.99272716382389,1936.039765319238
Sample_056,0.00028264018218071893,0.6801321414150474,0.9889771554223338,2094.8771898847435
Sample_057,0.00023698991414781143,0.6741815125322811,0.9835215032570548,2910.378839852104
Sample_058,0.0002846057363903183,0.650581072993605,0.990448858363984,2933.51224407779
Sample_059,0.000283287703875651,0.623584724387774,0.983259332038575,4175.721473918603
Sample_060,0.00022172404673903101,0.6566507624728287,0.9812457867962456,3985.3324668789446
Sample_061,0.000263861901024919,0.6025311487749975,0.9703788308760334,6287.08179439266
Sample_062,0.00025382654420694044,0.6466307717371477,0.9821869111667638,3676.5503822417536
Sample_063,0.00018163952880877434,0.7069907667429942,0.9903503774370307,2928.157218156305
Sample_064,0.00024178599757918392,0.635731401227822,0.9827652183427424,4568.4409193837055
Sample_065,0.0002884559964428533,0.5973677881611527,0.9690198556228568,5841.06506946894
Sample_066,0.00025792805465665386,0.6321345641535099,0.9768000751747639,4327.040859410993
Sample_067,0.0002475804731516126,0.6609169487983323,0.9883741939640287,3197.0044006047365
Sample_068,0.00023036041047921256,0.6696277262226121,0.9830378363231722,3205.5851945797917
Sample_069,0.00025764777205379856,0.6609922811322462,0.9879900497569585,3007.155589628168
Sample_070,0.00029704556123477075,0.6236689688215081,0.9835680819885674,3865.623595097363
Sample_071,0.00021593939540080767,0.6903095269365583,0.9880376196291469,2764.020436678497
Sample_072,0.0002547554644142453,0.6523468423999387,0.9845599973465834,3402.2565018696096
Sample_073,0.0002310098825454595,0.6658602176618803,0.9822893419274177,3341.2412061465457
Sample_074,0.00030059640725029054,0.6294565682695556,0.9800069810870028,3515.9107053671883
Sample_075,0.00020807855931522363,0.6816242646027711,0.98455203581543,3228.643718279877
Sample_076,0.0002572926610297055,0.6541993729223073,0.9878949635742705,3274.8174579355823
Sample_077,0.00022729488518782835,0.6682721982018086,0.9891644109240384,3324.490027055705
Sample_078,0.00025690513602941395,0.6547270068081067,0.9860888439912281,3261.0247038944412
Sample_079,0.00022261105685944356,0.6459873444015773,0.9725314039720167,4541.65194162336
Sample_080,0.00025571848639117234,0.6245209229677039,0.9745617532841571,4858.512666820944
Sample_081,0.00023015331341749994,0.6470422253264856,0.9802175185049787,4254.880560117689
Sample_082,0.0002568238569970411,0.6588302820282931,0.984870518306532,3102.2806053897116
Sample_083,0.00025719086606388036,0.593913656317876,0.9621242697030038,7452.269499259347
Sample_084,0.00021189702695723997,0.6633600647320604,0.9816853272822735,3923.9922173851282
Sample_085,0.00017921863356569153,0.6970537173278271,0.9853439753734118,3344.823356785392
Sample_086,0.000287888120716574,0.6570261562585833,0.9885650373503038,2665.5994468430063
Sample_087,0.0002609663741311647,0.623572997642586,0.9785154692437266,4763.862270324
Sample_088,0.00029261312792063236,0.6371571009832393,0.982404774307053,3322.9846683099
Sample_089,0.0003087766456031213,0.6566395805552713,0.9913271071408292,2407.043102748099
Sample_090,0.0002919738276551736,0.6275217639567193,0.9797974478890568,3776.710134916002
Sample_091,0.00027949280550095186,0.5826228655555241,0.9611257469128347,7679.686540274566
Sample_092,0.0002939553818720907,0.6369369706955943,0.9839732309650975,3308.451939053238
Sample_093,0.00028202677501575096,0.6508596307643527,0.9881396324699042,2964.680499455415
Sample_094,0.0002555314622672154,0.6705143673518852,0.9878327590008856,2717.091174169651
Sample_095,0.00024665131229517737,0.6744365791837337,0.989173232062702,2734.695779946577
Sample_096,0.0002532827060311843,0.6481627432805699,0.9850563268121151,3617.8497572607416
Sample_097,0.00020796593192213457,0.7046568483092172,0.9923200313554172,2481.173495421947
Sample_098,0.00022974423007413378,0.6233366397174294,0.9612965395346486,5863.190313740119
Sample_099,0.0003482551929155491,0.6292992819526216,0.9894936784843185,2788.435892923934
Sample_100,0.0002834932209536851,0.6457690492660288,0.984503117012458,3132.27277866508
