Time,Sample_001,Sample_002,Sample_003,Sample_004,Sample_005,Sample_006,Sample_007,Sample_008,Sample_009,Sample_010,Sample_011,Sample_012,Sample_013,Sample_014,Sample_015,Sample_016,Sample_017,Sample_018,Sample_019,Sample_020,Sample_021,Sample_022,Sample_023,Sample_024,Sample_025,Sample_026,Sample_027,Sample_028,Sample_029,Sample_030,Sample_031,Sample_032,Sample_033,Sample_034,Sample_035,Sample_036,Sample_037,Sample_038,Sample_039,Sample_040,Sample_041,Sample_042,Sample_043,Sample_044,Sample_045,Sample_046,Sample_047,Sample_048,Sample_049,Sample_050,Sample_051,Sample_052,Sample_053,Sample_054,Sample_055,Sample_056,Sample_057,Sample_058,Sample_059,Sample_060,Sample_061,Sample_062,Sample_063,Sample_064,Sample_065,Sample_066,Sample_067,Sample_068,Sample_069,Sample_070,Sample_071,Sample_072,Sample_073,Sample_074,Sample_075,Sample_076,Sample_077,Sample_078,Sample_079,Sample_080,Sample_081,Sample_082,Sample_083,Sample_084,Sample_085,Sample_086,Sample_087,Sample_088,Sample_089,Sample_090,Sample_091,Sample_092,Sample_093,Sample_094,Sample_095,Sample_096,Sample_097,Sample_098,Sample_099,Sample_100
0.0,1.0,1.0,1.0,1.0,1.0,1.0,1.0,1.0,1.0,1.0,1.0,1.0,1.0,1.0,1.0,1.0,1.0,1.0,1.0,1.0,1.0,1.0,1.0,1.0,1.0,1.0,1.0,1.0,1.0,1.0,1.0,1.0,1.0,1.0,1.0,1.0,1.0,1.0,1.0,1.0,1.0,1.0,1.0,1.0,1.0,1.0,1.0,1.0,1.0,1.0,1.0,1.0,1.0,1.0,1.0,1.0,1.0,1.0,1.0,1.0,1.0,1.0,1.0,1.0,1.0,1.0,1.0,1.0,1.0,1.0,1.0,1.0,1.0,1.0,1.0,1.0,1.0,1.0,1.0,1.0,1.0,1.0,1.0,1.0,1.0,1.0,1.0,1.0,1.0,1.0,1.0,1.0,1.0,1.0,1.0,1.0,1.0,1.0,1.0,1.0
20.0,0.9990773045115765,0.9981103473427133,0.9970002603726689,1.0001676867307079,0.9990983289320292,0.9981681130772767,0.9981191617492133,0.9984535839452248,0.9997542118006582,0.9985469333155644,0.9987428985040291,0.9973488873089409,0.998800373276562,0.9990230733358573,0.9992742155094215,0.9989760419300195,0.9978315362865855,0.9977561801448839,0.9999750013562746,0.99722146370419,0.9990133993373722,0.999170838160654,0.9974717641090299,0.9984439862656075,0.9982686179928677,0.9980158823951669,0.995760753139568,0.9986200295381653,0.9971558918474112,0.9983028674160439,0.9979410337149741,0.9982412605880662,0.9982010728497211,0.9977139915680274,0.9967860869632872,0.9986534134133652,0.998661462807151,0.9977560261040749,0.9975357314858166,0.997922499827499,0.9982403094469986,0.9987288654641321,0.9983928881582428,0.9992230564321252,0.9982931655237959,0.9993669976918219,0.9986160407902747,0.9991167239880779,0.9999207015176345,0.9979768701588952,0.9978748821903483,0.9984211758962098,0.9988433358535032,0.9981171135561022,0.9969901947462,0.9970359848261302,0.9979972204811828,0.9979088866338177,0.9968301337265834,0.9988169468298074,0.9989460587023398,0.9990884923956616,0.9974623416003744,0.9998027475960712,0.9989149212899995,0.9978958603295599,0.9992686619451965,0.9990112235498877,0.9993294181960882,0.9981632582640948,0.9981908802528543,0.9989340792524205,0.997996327200677,0.9977961460431058,0.999009049721731,0.9987799516441905,0.9978771514045821,0.9989712602464533,0.9985797910174103,0.9991633512208775,0.9977312057457479,0.997897163683638,0.9989675875903397,0.9978383770140048,1.0003260632854083,0.997259437271124,0.997711827503366,0.9976485955749452,0.9985111864983938,0.9960605865651925,0.9990113341954814,0.997870193300052,0.9972066159221381,0.9994457236749069,0.9985751566656457,0.997012915139645,0.9985770350112161,0.997246470920699,0.997054029345799,0.9980243582749789
40.0,0.9958493958724105,0.9985944079481385,0.9978218605870586,0.9969670919870206,0.9977759722024425,0.9970540387794606,0.9982701713261155,0.9987044769770563,0.9963621878984702,0.9985873902437374,0.9962410019565916,0.9966216842427822,0.9963036481366209,0.9954599382113795,0.9991902900691733,0.9970979684820214,0.997902776629199,0.9989153321363329,0.9970904483664565,0.9983158326819558,0.996456290219618,0.9969842384111928,0.9954834852256497,0.9976718836669805,0.9967612081308103,0.9976252059670184,0.9966318854410168,0.9975009012992697,0.9975552613731945,0.9983672371131298,0.9980330887347535,0.998380048165054,0.9959181051842532,0.9968151616516412,0.9977659833078043,0.9962828995808853,0.9976859018823827,0.9977997562924734,0.9974224980797145,0.9960246314441644,0.997131112999676,0.9977968561641573,0.9974965453290737,0.9975716411961177,0.9994320611357063,0.9976148230907945,0.9963407199055445,0.9989853824689359,0.9959701686624659,0.9987033148173038,0.9977471927958935,0.9947237267855813,0.9965229648646876,0.9971685556974529,0.9971295128151677,0.9972866049818856,0.9969027176479566,0.9969278058107393,0.996219337733007,0.9967970245454081,0.998238603988464,0.9978054026504608,0.9970964416216833,0.9982104775560342,0.996856101995784,0.9973603097821603,0.9976795941572252,0.9970449702585437,0.9977030742454952,0.9974588081354485,0.9964088278011239,0.9975275022716604,0.997994293325656,0.9961883185718327,0.9979384848922651,0.9977604540869561,0.9977121008895107,0.9970801167072718,0.9967329345352745,0.9981123170310292,0.997593423128286,0.9964993951724633,0.997639369794344,0.9987092478590466,0.9969011408029992,0.9973042384975813,0.9976330783230941,0.9983479408926015,0.9981087147147851,0.9965303422574426,0.9975245375131113,0.9970018701341959,0.9965406816589201,0.9973585281246238,0.9974773163296032,0.9964618279843467,0.9960133318082491,0.9978962918771193,0.9963289067082703,0.9981509819106141
60.0,0.9956171114833571,0.9959354992602946,0.996913163196304,0.99760375067031,0.9976298335413891,0.9955852432192862,0.9971640342845911,0.9956994282817941,0.9970294556525627,0.9967434405659692,0.9972737809896978,0.996644329030234,0.9973348427596075,0.9957665744324202,0.9975321498424818,0.9954771327656506,0.9963218035027013,0.9962683608034978,0.9965009739324764,0.9958845150767027,0.9959656042710316,0.9967311736235464,0.9937254739548155,0.9954374004097334,0.9976957416017831,0.9946266428989187,0.9957683546756881,0.9965055382880079,0.9966435914753126,0.9972134366690664,0.9974429784090996,0.9965720750221181,0.9953887058146292,0.9973467884666566,0.9966077793531594,0.997147028563881,0.9940685847867109,0.996830588792499,0.996417414170192,0.9946942426291906,0.9964499971633345,0.9970783649974395,0.9953584687275493,0.9968845796913572,0.9970493714534265,0.9954143986815466,0.9968462857960008,0.9962589643103799,0.9969762397700684,0.9968222041062863,0.9966660485705865,0.9963491287665326,0.9948954790812222,0.9968934808542101,0.9968514075800151,0.9948858827532185,0.9955364390892948,0.9965650036342514,0.9972548968176054,0.996591679969837,0.9959319027024636,0.9971148382351641,0.9966393337325775,0.9956918551696589,0.9966687829049236,0.9953514842863268,0.9953492482293694,0.9962191922223765,0.996137131961385,0.9959587633958169,0.9954322127585531,0.9970629399812007,0.9973728730058151,0.9952789013580764,0.9953392647316008,0.9965320383667603,0.9968824685015942,0.995564870438885,0.9970597239674421,0.9971690158400908,0.9966392030098025,0.9974719466005486,0.996269846513949,0.9966458274707319,0.9963901192309575,0.9956277617637743,0.9964416419056487,0.9938875679558142,0.9949502057498727,0.9963804224244125,0.9976610453743489,0.9973596558140764,0.9962621027112399,0.995674606681553,0.9964754893191684,0.9965513216077818,0.9961445509668644,0.9984249259607471,0.995641351227428,0.997467417262896
80.0,0.9960994833961033,0.9967218436745782,0.9955828489725987,0.9956015737833667,0.9957419405745063,0.9956243180948064,0.997342604726559,0.9933877580677056,0.9952168080428809,0.9964514095093138,0.9956896840387134,0.9970001461866206,0.9977806687907317,0.9950613341191247,0.9962672958464855,0.9944704903748782,0.9957351809825457,0.9947020645215432,0.9966468597964357,0.9941794152131183,0.9942983088039731,0.9949276592345586,0.9941255389071207,0.9957903260436494,0.9959426550506724,0.994467284249436,0.9936154940986,0.9938669420559045,0.9953090949583642,0.9963481688718577,0.996766847183884,0.9955193448131863,0.9949620389578823,0.9962645466807712,0.9959536023100874,0.995065728682384,0.9966055560303981,0.9958857759936512,0.9952304080045707,0.9952895851557305,0.9972995149713594,0.9955908337665296,0.99440045807838,0.9960637527353986,0.9964798336407988,0.9969620843004462,0.9961449669406832,0.9938357461939269,0.9945421429907825,0.9964594063826605,0.9967986268906706,0.9952124279666255,0.9949716783587342,0.9958344063051333,0.9946897080345509,0.9946630111250443,0.9952801170011459,0.9940532898455577,0.9953292925748836,0.9953607647478451,0.9956617196492087,0.9947371563622776,0.9952599263937274,0.9960450192200193,0.9947719915297986,0.9964954527033809,0.9956568543897424,0.9959493303000304,0.9958768750076906,0.9958186667439315,0.9959223320065539,0.9961680838386857,0.9955904771934384,0.9958641096564187,0.9945901094778398,0.9952923097078809,0.9950846722453947,0.9940688776715828,0.9960584272267068,0.9952463147672362,0.9961673762014673,0.9951834246005676,0.996725748180358,0.99705402669959,0.9954374139277654,0.9948268592236891,0.9963610114267963,0.9945541712300161,0.9925976247930118,0.9953943865331816,0.9958645240390364,0.9940489967790905,0.9947146084968074,0.9946057171475357,0.9950414994378081,0.9951618391471928,0.995707711125049,0.9959741230037013,0.9951338307519704,0.9964736084926675
100.0,0.9951422426050742,0.9939796112178353,0.994294319335811,0.9965148175654047,0.9946752785879378,0.9945690073454353,0.9958549748086569,0.9954722137261082,0.9958210115765829,0.9953162643569893,0.9964535416633956,0.9940497980192458,0.9956967704118119,0.9931525159610439,0.995347765752351,0.9948633891698647,0.9948024292029223,0.9951170186146414,0.9947019830818449,0.9939499024364733,0.9947295580372553,0.9954099343835155,0.9924676839223942,0.9952346171766434,0.994791903755792,0.9952938675452448,0.9942791105975372,0.9946634390758003,0.9951477817773552,0.9969845078980027,0.9961826714853161,0.9950881013524934,0.9921237422549328,0.9964863643651201,0.996063968484325,0.9964336977838809,0.9925286917722486,0.9949882877309478,0.9938385044679668,0.9948309744136276,0.994419011897653,0.99693931332281,0.9959711669118042,0.9956462762833409,0.9956373408502178,0.994537955034995,0.9968731973777448,0.9944472822657643,0.9951684342697411,0.9966981656005881,0.9953247666223405,0.9945263694991259,0.9953856081105987,0.9945227233335633,0.9941765628469794,0.9925620639746631,0.9946905157917629,0.993700608843339,0.9941651617390722,0.9948091685276783,0.9953418114546314,0.9958842033161259,0.9953984517420301,0.9958559369324567,0.9953004983339306,0.9968601430331995,0.9961361412191714,0.9953814455718678,0.9940069292124536,0.9947622473999019,0.9949162775796124,0.9945276027455299,0.9947901890116541,0.9939498241268927,0.9944547380511733,0.9945024807551627,0.9951142237136534,0.9943774003635,0.998354856951063,0.99647045726923,0.9957895314716078,0.9942511365184435,0.9950004482369936,0.994995368603514,0.9954203750850944,0.9951766397998403,0.9954514649973459,0.9968286035256037,0.9934318069172915,0.9951982942707783,0.9950083402090966,0.9937998862052718,0.994235856322583,0.9945722381974129,0.9953438351661789,0.9954561041517022,0.9943172273868727,0.996060486598374,0.9937360697149338,0.9951781932799049
120.0,0.994823507636197,0.9944804594441686,0.9949443250172101,0.9955632149260579,0.994464106793301,0.9956464797281089,0.9934420012105273,0.9930735028556948,0.9947709672377537,0.9946431920206104,0.9930767324380941,0.9945885237156452,0.9947522128012241,0.9936052601831091,0.9956069867698177,0.9941901604724162,0.994386392609263,0.9935833964417116,0.9930872170198317,0.9932988552106642,0.9947813780617082,0.9944290036045865,0.9923042865970533,0.9935204153292988,0.9952820075899967,0.994123960220105,0.9944408583774813,0.9960288146636975,0.9940773389767669,0.9952042356886301,0.9967739266999157,0.9959735735343795,0.9933604817318146,0.9963354794608736,0.993150659760172,0.9955368954546345,0.9938335166142293,0.9953893757617376,0.9938772958302614,0.9930914299791783,0.9945273536259653,0.9948264334024819,0.9932893315273514,0.996269077670504,0.9955144118161947,0.9956211259765684,0.9938386336965426,0.9952135829712758,0.9943221686143876,0.9945373391692847,0.9954801017712139,0.9944459230386052,0.9935654234259513,0.9957871409464474,0.9913774259109195,0.9922186113438237,0.9931116139763918,0.9938767946390893,0.9946323216288838,0.9937461006990091,0.9951474095581998,0.9936928908782503,0.9938337887042543,0.9952530146998545,0.9954933653829915,0.9953036752954229,0.9940099196404001,0.9935961063039945,0.9934630749169943,0.9930105087475257,0.9942273691477961,0.9931629901242729,0.994059266950987,0.9944573592863639,0.9935807696393928,0.9930338612043579,0.9961107381648634,0.9946714587646568,0.9952774283555178,0.9942162697768148,0.9943243661114802,0.9948044817277472,0.9949049199005344,0.9950441921601441,0.9949521907968151,0.9928094697792933,0.9923397509679686,0.9944536398821728,0.9934340012752948,0.9952710800735345,0.9955431197956728,0.9926328088637059,0.9941034800388434,0.9923076910676372,0.9927251584391871,0.9930866105090609,0.9946468880540262,0.9945285976151977,0.992610063306154,0.9928546724150016
140.0,0.9936301486481288,0.994335096444483,0.9939315417700908,0.9946467475046158,0.9942831168037775,0.9945942724174777,0.9941102832310943,0.9928179822371215,0.9928788387588958,0.9936072246707414,0.993852564017232,0.9952432317563124,0.9944040925469094,0.9930471958880651,0.9949233485758561,0.9942538084934978,0.9938197375867976,0.9932620664552488,0.9931309663956269,0.993524176183132,0.9928623970941195,0.993239159055905,0.9902447557512052,0.9937981236432264,0.9919874427760964,0.9935915186105184,0.9918510688810488,0.9941031426761954,0.9931629239405069,0.9934992810696045,0.9942072542479463,0.9948796422346394,0.9939211296954044,0.9931355455086802,0.9925856240926103,0.9943974694104044,0.9945421724255026,0.994016836826518,0.9930601825575271,0.9934645106134856,0.994433025008694,0.9925794670452888,0.9925539088594528,0.9946171814529856,0.9935838361106839,0.9942030691479666,0.9931600025192541,0.9940491561042889,0.9924496953307584,0.9939930957533707,0.9955519881853594,0.9931737730393585,0.9928066934000922,0.995267578602861,0.9914853868557351,0.9913915735004,0.9929821203755649,0.9929039148998537,0.9934637176649453,0.9951092761614568,0.9938867377097603,0.9940009660534821,0.9941768656723561,0.9950343041925,0.9953440395426124,0.9953495474114107,0.9938872423569007,0.9942078573425518,0.9929013093202583,0.993699986621216,0.9934293118011152,0.993970364818164,0.9935178469855549,0.9925507948677232,0.9944317124736431,0.9928602620258337,0.9937403975331222,0.9952642610921485,0.9942347455461692,0.9945930837154615,0.9954699445547072,0.9927103175808524,0.9947094939285662,0.9942634584336927,0.9940342524558566,0.9927725175889232,0.9944168185155545,0.9924725458967307,0.9923513524181449,0.9935130086419194,0.9952024427916983,0.9926954023048153,0.9928027269922187,0.9935220689169051,0.9932487685318133,0.9922438669541923,0.9949402179495125,0.9964153432507464,0.9916895838064472,0.9935971766696191
160.0,0.9945191533577861,0.9941579804658609,0.9940365689465364,0.9942813980063402,0.9937044500030817,0.9930391748721958,0.9927186728079412,0.9931048104562057,0.9945807730010576,0.9940534815329647,0.9926488559916231,0.9918903756059734,0.9945319849645727,0.9930506309832611,0.9939393205787197,0.9934721941743002,0.9913227292650364,0.9936291680388756,0.9925506466725141,0.9926601757012665,0.9920977741576154,0.993091763468424,0.9901060760809494,0.9932035552813137,0.9915387338594978,0.994135094782729,0.9923008234625369,0.9944517739946256,0.9932109971286684,0.9938359815338089,0.9945909683479229,0.993664434813176,0.991297185864863,0.9934841676187943,0.993863248036948,0.9937668600666975,0.9928928212589692,0.993440957162421,0.9914242140018905,0.9929370677303843,0.9930755939040797,0.9927257832659149,0.9927493939577527,0.9919973520161347,0.9915266506690331,0.9935489134163337,0.9935591755561806,0.9932139228393283,0.9939056065782389,0.9941877673049963,0.9939771228026144,0.9917060164941682,0.9912987456827383,0.9948673295445578,0.9903777484770427,0.9918862069273691,0.9919698346318397,0.9927993398634186,0.992967275788069,0.9944280843503792,0.993406289195317,0.9934477832185354,0.9934436090249981,0.9933867400137073,0.9936491787032613,0.992984308118422,0.9933699312249957,0.9931299997502339,0.9911663289793903,0.9922585072636504,0.9926145343770443,0.9934969349524204,0.9938353064441193,0.9932500547286729,0.9935388271074393,0.9924146597357032,0.9926319946574171,0.9928984237503542,0.9951912482256265,0.9925575886817588,0.9935818162565807,0.9922046179017925,0.9955916688791122,0.9924360192139491,0.9944037012930544,0.9927879765925104,0.9942906884440111,0.992731813526069,0.9917290125953225,0.9923559641140708,0.9944993267269795,0.9923205593703045,0.9926260453036184,0.9915498296210522,0.9922081438214608,0.9944837505220379,0.9916681784355789,0.9946118783122838,0.9906345171855723,0.9915943021699158
180.0,0.9939637276921087,0.9937650752828338,0.9933855220901548,0.9933530518503438,0.9921932051273538,0.9915410605983184,0.992757555885809,0.9901288563210019,0.9928710823726853,0.9925290829075831,0.9928753441842331,0.991636506141248,0.9921993365010849,0.9935583363799917,0.9959986482655295,0.9918806838609994,0.9928231148238442,0.9932282571491102,0.9908734704684625,0.9920317548296842,0.9907213983946797,0.9925986440702597,0.9900571529263951,0.9917372365386062,0.9932372059146358,0.992434204365446,0.9906379987917651,0.9926006462021953,0.9921081855918833,0.994494527802112,0.9951345748383373,0.9933285466831647,0.9911569340676598,0.9919786945594001,0.9931411392661239,0.992972351364022,0.9914228676127498,0.9932737608608281,0.9907154810434553,0.990596486390848,0.9943116105058187,0.9916166127144824,0.9921257527828838,0.9930636469107684,0.9924787813283388,0.9937075924410333,0.9930423307730893,0.9932544792965557,0.9927903439871765,0.9945855033856333,0.9938348825868282,0.9919161223289853,0.9935777294576672,0.9925089273044927,0.9889585671146258,0.9910732396279255,0.9937006212622879,0.9907436477518188,0.9934221437911067,0.9935079009450624,0.9934743098032508,0.9931017738429718,0.9924745261601762,0.9937111900893233,0.9946179385287267,0.9933543891572267,0.991533154588402,0.9914644628298095,0.9927402967049818,0.9912233171049137,0.9925339326820113,0.9933834753884457,0.9927906861871888,0.9920678623713445,0.9935912518056523,0.9914456935561133,0.9925040235625454,0.9916686773126885,0.9921200866773161,0.9917615145855181,0.9929705978417336,0.992107126959183,0.9942520605339603,0.994445430935747,0.9925217781596585,0.9920245657261666,0.9936600258668569,0.99225367340566,0.991873793468141,0.9929181262580161,0.9953805294266801,0.9911075110664382,0.9931096618512971,0.99198675352576,0.9915002442325332,0.9935725444671129,0.9909689539994296,0.9943001934012053,0.9911111145839687,0.9908039242488023
200.0,0.9929395741579977,0.9933574357330328,0.9941860902035413,0.9938144104861728,0.9926506034998158,0.9907048485341496,0.993917015015643,0.9897867686257356,0.9924639707466736,0.9932631582981882,0.9932915421734947,0.9917925442966016,0.9932781945056983,0.991949060797881,0.9954127274341793,0.9904075738476872,0.9909431763805507,0.9917789161880425,0.9911687509461866,0.992240427127811,0.9908104097124806,0.9920160062899529,0.9894811083489059,0.9907272403287333,0.9921202849553333,0.9920199818991516,0.9901956832475585,0.9944322903268823,0.9927674249756518,0.9939622489715422,0.9948504856532235,0.9918277814886984,0.9910822119129452,0.99180990934594,0.9928052893385823,0.9932004934927277,0.9911908270562155,0.994070469186581,0.991769992979003,0.9910379796285022,0.991604538239651,0.992523927649778,0.9909150156040099,0.9930842497172008,0.9927592230191572,0.9935163040065668,0.9914237660066211,0.9922889222709161,0.9909348827636125,0.9924558576465142,0.9937448100442927,0.991516932056322,0.992278059165963,0.9935474339246743,0.9898308306296507,0.9899455424186108,0.9912152882266398,0.9914216858578507,0.9914088609090252,0.9941781608080182,0.9938058679644582,0.9924767107740881,0.9916242549868347,0.9935525269468362,0.9921388620311459,0.9919345807737966,0.9922216488578118,0.9917842486572309,0.9924286994569523,0.9922136726013249,0.9921465738021117,0.9912344265637225,0.9922690192120067,0.9930514185134801,0.9925035940314049,0.9921510345521707,0.9921940966156202,0.9907867510053704,0.9932245426809834,0.9931930461784394,0.9932439896776517,0.991540135292759,0.9938257381028486,0.9927223470605082,0.9933046801598061,0.9906266749105358,0.992767128492262,0.9923334138262682,0.9904567258634703,0.991873842320797,0.993355979957902,0.9912622381516304,0.9911111828416936,0.9906738052228721,0.9917893611412355,0.9914936901645739,0.9904672562948373,0.9949471667628347,0.9894911458873596,0.9916143194182381
220.0,0.9933505803198972,0.9919873979508332,0.9922662864945899,0.9926896371240966,0.9922955920954079,0.9920102779553654,0.9927711692318435,0.988905279836835,0.9915878134945355,0.9931360393642571,0.9925233661464099,0.9912028247303378,0.9924133080468165,0.9908155657537641,0.9945327863405616,0.990583435096967,0.9900324713811631,0.9925773003762703,0.9902069758216867,0.9914786721247233,0.9891203235934476,0.9931532080590924,0.9887957791143428,0.9901460696838092,0.991761745040403,0.9931160571042578,0.9912982200463732,0.9927500205656316,0.9911245223770846,0.9919994049538655,0.9923265045430539,0.9929725918076068,0.9894652578342953,0.991458029866629,0.9918388190241793,0.9918961348950565,0.9923754279721596,0.9911810041824269,0.988681255367537,0.9915633969764854,0.9916505184161896,0.9919307696159549,0.9908511572388167,0.9926154121804565,0.9908323838453413,0.9927645071861265,0.9910129460139646,0.9923476522715263,0.9928229937673407,0.9917984659627453,0.9925217542019952,0.9910080710844884,0.991694455355287,0.9934315064573198,0.9872271832899299,0.9879579088563862,0.9919695667929924,0.99143822965191,0.9911395373408942,0.9919888026624397,0.9924123769155072,0.9910437425450391,0.9915706527949198,0.9934495892069897,0.9919439540102631,0.9920476909356655,0.9901672322731268,0.9924941269318065,0.9903581340417865,0.9920064218835133,0.9915686543836122,0.9907492391869682,0.9906736904288144,0.9916710288977311,0.99184552034515,0.9922293847690876,0.9914948163363124,0.9916490755829989,0.9943168058117117,0.9918518916894297,0.9909463949066398,0.9912080800260603,0.9954036894880168,0.9929718471808906,0.992463981766438,0.9899212675755759,0.9937257885323437,0.9926043642507796,0.9901464583370804,0.9915051837280504,0.9939386008194163,0.9897066652837527,0.991625225723678,0.9903005997700397,0.9917313011938055,0.9918316883349954,0.9918564624443216,0.994008025368386,0.989255283108262,0.991290270410422
240.0,0.9923995568885126,0.9914550104772633,0.9912065537238947,0.99168272409723,0.9936769834449728,0.9907471365430186,0.991270244847269,0.9889675241929666,0.9914872240940346,0.9921128744873854,0.9920516488780033,0.9917729132560934,0.9937971381129332,0.9911055629731418,0.9925392398958423,0.990465300049213,0.9906134720474924,0.992239812823101,0.9909844222947912,0.9909381492306657,0.9890825771546631,0.9911770881682627,0.9867000527820234,0.99064749799364,0.9900056772514555,0.9902473441648706,0.9890834635148662,0.9926950458861297,0.9921650193198668,0.9922939000577176,0.9928519195434473,0.9908486863408528,0.9884843185187713,0.9906620666277084,0.9922943615750457,0.9919312254924589,0.9895207024751634,0.9924241129392768,0.9903895428018286,0.9910312164099794,0.9902528721257596,0.9911866796428892,0.9915534775277167,0.9908095251328702,0.9909815268370353,0.9933810100048107,0.9912685924987469,0.9915972366087797,0.9928515591663312,0.9934178149183629,0.9929813933814999,0.9905161304666039,0.9913306388025961,0.9916619181387814,0.9872669632986929,0.9881231521485023,0.9900408858667461,0.99040121774688,0.9915284893952077,0.9941206320253289,0.9928972581595399,0.9901665064759172,0.9913775105447414,0.9917310997333846,0.9931141829318435,0.9924034148378896,0.9902673822753368,0.9922152947676696,0.9906585100602556,0.9915657327619656,0.9902174050206254,0.9913494813118129,0.99030894273263,0.9919029710150357,0.9921461603935547,0.9900351269989854,0.9911019614341494,0.9892853394090695,0.9922145347187069,0.9904831212143729,0.9913554267948326,0.9921513303200757,0.993790082387494,0.9913318666353151,0.991556016685557,0.9881778022252259,0.9922388827909598,0.9909369356153537,0.9881315120013268,0.9909073421473938,0.9934070242445486,0.989989147059519,0.990579850502252,0.9893454250395466,0.9900341530950147,0.9921659191661755,0.9908243854933466,0.9924059996671308,0.9891479276787488,0.9910603996001116
260.0,0.9909279453361727,0.9920830186356364,0.9917492175471521,0.9912624381506924,0.9927279759122892,0.9904157359933581,0.9906000931969335,0.989387386927675,0.9919328927254689,0.9911555790116795,0.9917272693282485,0.9908336500121232,0.9917853409611762,0.9915154353714332,0.9936230900563462,0.9895977999539737,0.9902158605726279,0.9920032392053458,0.9897318932954569,0.9905063459284208,0.9894283273738421,0.9905944059483642,0.9877535585865638,0.9903399420521776,0.9905677868760853,0.9892662568707433,0.9893046357919231,0.9939337074658424,0.9902148131590215,0.99203995896501,0.9938375649397779,0.99246550493381,0.9864977072622398,0.9902258209931115,0.9920766623233201,0.9920036000305431,0.9914792659947818,0.9898618258410505,0.9893208096700705,0.9892972794303058,0.9901259443488816,0.9927167605248525,0.9894149127345548,0.9915940218116394,0.9900978309899992,0.9921951051894138,0.9896885642813127,0.9915816319892197,0.992461304410712,0.9919144598673908,0.9930802313310129,0.9907038931844138,0.9905107554772632,0.9921025711557179,0.987215303118866,0.9871276796076105,0.9898845504675737,0.9895857112344852,0.9917361890252667,0.9910817439177205,0.9934813735362923,0.9914860727578201,0.9920887369761228,0.9916984671922644,0.9934999561410107,0.9914361255422832,0.9911286078774053,0.9909470319371932,0.9896433519709127,0.9911408560845297,0.9908812644639078,0.9904462764406847,0.9923209757343202,0.9898266693767588,0.9910838051718125,0.9904925119747037,0.9894977238924231,0.9906417098627104,0.9905195676194871,0.9920951264332784,0.9923580403643054,0.9902398347434298,0.9934583525387016,0.9913733137532671,0.9908595094243915,0.9881567377707928,0.9919308339339924,0.9897027739845474,0.9874001282948254,0.9924590444780845,0.9917830558971652,0.9912634196870176,0.9884247504701267,0.9892766232342228,0.9903874522322843,0.9912154911714578,0.9893162128830619,0.9922274836675872,0.9878181592918133,0.9902167594223069
280.0,0.9915119196803149,0.9908272089883481,0.9913737810221915,0.9920551873992856,0.9901195112198008,0.9881442050187074,0.9910310031427102,0.9889025391117828,0.991030682213818,0.9913244287014088,0.991628942817837,0.9887503834356355,0.9928760813495227,0.989432927444204,0.9931239356450282,0.9887787323722314,0.9890954596643021,0.9908306489028258,0.9889507873455887,0.9901777162556596,0.9897502564139871,0.9886577808605859,0.9857598699062924,0.9889579258256707,0.9917214925818097,0.9897466707430864,0.9868697840506334,0.9929073298656991,0.9902838110186798,0.9918553538574405,0.9928169824582621,0.9915859571367255,0.9882152124769622,0.990523856176325,0.9912973534843851,0.9904317995097167,0.9900628829613337,0.9911301576894621,0.9902419553739412,0.9898588056487949,0.9901346460019078,0.9911058346801318,0.9884478799267,0.9909278410797827,0.9913942722727952,0.9929885361751991,0.9895503704298274,0.9901667797629523,0.9911340716963463,0.9917318566477353,0.9923412533897749,0.9885031419276143,0.9893603385187042,0.9916215081822116,0.9863157693208873,0.9877885292063024,0.9881138896388072,0.9888746205386117,0.9915192102655958,0.9910485912725869,0.9912481077466911,0.9904913767261281,0.9907055071655398,0.9894214883751963,0.9921853499928113,0.9898054930756865,0.9900666722997559,0.9889327994841929,0.989607812950133,0.9886967775025309,0.9894418213113435,0.9885292394994776,0.9900000083805819,0.9900060063060228,0.9902966165042252,0.988955843679519,0.9894205123553275,0.9903733650085432,0.9911993823183934,0.9929584519611407,0.9897802937379848,0.9875749142140928,0.9925801590712069,0.9903950061175683,0.9926106130292921,0.9887040574222729,0.9920190111892447,0.9902863987783027,0.9889767026377188,0.9884104753591656,0.9916589942269051,0.9901384823864311,0.9881970339763106,0.9903859970298386,0.9892700984183093,0.9905407420484169,0.9889016521865042,0.9927900486551524,0.9886293741697691,0.9897394731559633
300.0,0.9900619319501633,0.9895540500549227,0.9918875587209457,0.9928224313160033,0.9901587549457037,0.9898023591518296,0.9896361081649157,0.9881650110028041,0.9910469664720879,0.9903016285938746,0.9902812728419391,0.99012407384197,0.9902860704337756,0.9890342660607376,0.9926484586302,0.988937290674896,0.9898285649307722,0.9910621170619737,0.9885771900194643,0.9875166885591549,0.9904033776640887,0.989177945161643,0.986251861952421,0.9891391082112796,0.9903218840887662,0.9892678965897354,0.989301692218694,0.9910799816297616,0.9898251239191089,0.990698817807562,0.9922353784934327,0.9930219625076222,0.9870095579601459,0.9892490807537749,0.9902919225602034,0.9899742568861051,0.988695462847966,0.9918070924871204,0.9883053567322205,0.9900737363444743,0.9901527211279275,0.9908170472351894,0.9898321223329226,0.9917784161613862,0.990345176564045,0.9920912309377243,0.9894906007760991,0.9901311073314925,0.9904723515062513,0.9902187194341194,0.9921284636948253,0.9890245659846563,0.9889434107800124,0.9928174172920143,0.9866476736866552,0.987418166757001,0.9883199645934647,0.9877732533484624,0.9895760268677578,0.990117842070503,0.9917887369503305,0.9908282295661835,0.9902609330624224,0.9907072996790917,0.9913957587381693,0.9894752930841364,0.9890627796905558,0.9898010713974976,0.988344840103526,0.9887214975151989,0.989264783382334,0.9898843280392722,0.9890700590478295,0.9887179483903109,0.9909719032118354,0.9890685126457704,0.9896207796662216,0.9895980733881938,0.9922997591505851,0.9919842374441395,0.9916719326085099,0.9892572993695296,0.9920963481338648,0.9916710809562707,0.989584359863935,0.9878000717807122,0.9910868818202851,0.9886325696928137,0.9871893185249724,0.989441290205774,0.992418557052341,0.9894898780162356,0.9879047568192654,0.989464322236238,0.9879955449859834,0.9908513866207737,0.9876793189384432,0.9915526410839598,0.9883698763362894,0.9880341326257862
320.0,0.9911535426151346,0.9892720886502392,0.9910802295019747,0.9913380303054511,0.9888144346968863,0.9889556739702974,0.9896869094539299,0.9862867099169791,0.9906850615590486,0.9908940042359806,0.9912847819732175,0.9888014709500899,0.9912754409655825,0.989769020091109,0.9929845456882029,0.9878370263933963,0.9876143209910265,0.9880413184203105,0.9883369685916761,0.9884406153158994,0.9871594083472912,0.9892507664287916,0.9850965895945858,0.9891113536490439,0.9893526397240882,0.9880189058913478,0.9877510835231336,0.9904907804034728,0.9909829947587501,0.9909572478646215,0.9915820329405749,0.9898710435996524,0.9857000105253375,0.9904895403714743,0.9884146879787354,0.9891075002430537,0.9887358085244873,0.99053840403293,0.9887440598660941,0.9894121171715161,0.9892819265967977,0.9890707593851947,0.988998167790113,0.9886653568468048,0.9898303390097265,0.9909787790935194,0.9897667057347878,0.988699015721961,0.9910965511602917,0.9908283608412806,0.9920224702949502,0.9894393474648776,0.9882621209005792,0.9925214689445722,0.9859375867327344,0.9867169081325653,0.9883643388973267,0.9878851060088475,0.990447722911045,0.9903355279042317,0.9924465727617402,0.9894494360626938,0.9914876145235026,0.9904139504198912,0.9893183055634612,0.9890239068317019,0.9891994396218113,0.9896233642474989,0.9876530907391166,0.9909672681440176,0.9884957364484526,0.9876594056901138,0.9903928977851888,0.9887244331617048,0.989435390960586,0.9883003936344138,0.9891681430486853,0.9886141949782494,0.9910662414402911,0.9902864519770016,0.9916040648845134,0.9885567512580032,0.990529804823485,0.9905347667305503,0.9900549103223897,0.9874435255134466,0.9897014854805857,0.9879101568471288,0.9860461737698029,0.9893083665118662,0.9936969857103368,0.9880727044627052,0.9873922299629491,0.9881334014096761,0.9879937843484506,0.9889538883155915,0.9885160410453832,0.9900242058238472,0.9868025524651625,0.9882569167876272
340.0,0.9900413973554169,0.9890562290877162,0.9903182803852649,0.9907740958075637,0.9891182840776629,0.9872457878822598,0.9900969434860851,0.9850529034465734,0.9910722709646831,0.988286323236602,0.990889178725181,0.989844327180624,0.990706217770573,0.9887139669786023,0.9921910031229795,0.9872533002837027,0.9878967853365581,0.9888756805584986,0.9881585673499729,0.9865270901956242,0.9882603364797647,0.9884899420798381,0.9833763742552994,0.9886968194218932,0.9884296223074072,0.9871483028800101,0.9865911499124572,0.9903533441676337,0.9897944390560648,0.9905453049853528,0.9911338049369232,0.9903163820161298,0.9860328998042467,0.988684370761144,0.990325495060061,0.9888161919076367,0.9879510808207111,0.9898933525784012,0.9874258904304085,0.9882588647614596,0.9895948115526889,0.98860485889289,0.9876443398026682,0.9884137616712599,0.9893795393838045,0.9905224933876355,0.9880472945035483,0.988011150062471,0.990987543833831,0.9910409554044968,0.9912140794962975,0.9865535322312916,0.9902519236852051,0.9892968057277474,0.9857825493108449,0.9846760728109276,0.9889936799104971,0.9884628312520144,0.9886697306598716,0.9903168981062462,0.9909728134072456,0.9879471821600113,0.988975869552445,0.989655153469183,0.989111145876772,0.9901325107222613,0.9883400282314994,0.9890670431217913,0.9887247184252119,0.988138600579623,0.9879892741773094,0.9879520588112164,0.9890412668509139,0.9884080096001376,0.9886649309402351,0.9888843679335885,0.9884171244247921,0.9887928556675389,0.9897319806714535,0.9901278137397173,0.9897257011876559,0.9881017406132421,0.9927666803597877,0.9901914052226636,0.9888040746720075,0.9876993888798833,0.9881012014036483,0.9868848298701758,0.9854957112803765,0.9882553406235484,0.9922859177508704,0.9871909314492369,0.98751895043636,0.9873339207944188,0.9874610753118869,0.9891358598816866,0.9869819675712593,0.9913490081646241,0.9863681332629324,0.9866646979595908
360.0,0.9895721136550356,0.9898108383543446,0.9908320936347398,0.9907640839145986,0.9894574085350919,0.9873083703842077,0.9904034266648278,0.9864388049996732,0.9893697725030403,0.9890970296474041,0.9903146837738355,0.9878927403614494,0.9894083398873094,0.9889870129712584,0.9919795069987437,0.9875300283973191,0.9872979092358731,0.9880291722890171,0.9863815103500603,0.987848403493825,0.9868004476705076,0.9897301320941463,0.9836087911333393,0.9890005682420019,0.988038087768907,0.98936559760232,0.9866759934478753,0.9906777641815075,0.9889766741457668,0.9914208967076683,0.9913631254051138,0.991492420076165,0.9848966837927275,0.9912775734689102,0.9903050572222887,0.9878181202874261,0.9890292881506395,0.9889261128505348,0.9873711479288647,0.9875145571970751,0.9880815375516692,0.9890305726599667,0.9864207996518777,0.9881377584555331,0.9884345099039314,0.9895829231538364,0.9866272904698087,0.9894143603047475,0.9901644754592689,0.9914742124300209,0.9919986614542107,0.9876283625032107,0.9881382320427147,0.9922774419848968,0.9850547376524201,0.982508402020106,0.9874412691508487,0.9868821565319816,0.9903659607002612,0.9891764234393404,0.9905363156242859,0.9894391479050995,0.9885060074308119,0.9902483189539245,0.9904948575649766,0.9910092548781875,0.9879531480567147,0.9886672040593701,0.9873646916089761,0.9890619569607492,0.9867342810740634,0.9893655766284483,0.9888550503953264,0.9876084847187488,0.9878120205214745,0.9874192234153012,0.9883070414988017,0.988037946271339,0.9895003221235793,0.9904673571870983,0.989888952047028,0.9878138084274337,0.992069777395456,0.9906045112188278,0.9904288138122155,0.9854128588923089,0.9893103163666463,0.986606049276131,0.9849325885489316,0.9891778814686362,0.9901593392048036,0.9870624326358274,0.9876077773181162,0.987543812841079,0.9866531887619258,0.9886776427916072,0.9865693126011512,0.9898879732565635,0.9866337554955972,0.9858068246167714
380.0,0.9888214250284151,0.9891560004729211,0.988346536008816,0.9912535282588781,0.9897914681083417,0.9874567861594404,0.9896057265629175,0.9855217598021433,0.9880982183003595,0.9873945130941406,0.9901067606654177,0.9874636903908531,0.9899056021895729,0.9880441021185496,0.991608181393319,0.9864932414682425,0.9872805259909968,0.9884190027134174,0.9858730038895163,0.987372678086257,0.9859870083383891,0.9880870540689974,0.9835493336339429,0.9883462003365096,0.9862315036869476,0.9873315534227861,0.9845755869195181,0.9898487999423593,0.9891687762067037,0.9911331289228348,0.9906288621573399,0.9906694986903815,0.98438268340865,0.9882881203088033,0.989468572202617,0.9894854395480269,0.9885019323440947,0.989024554216846,0.9874154035557795,0.9869478416346391,0.9874702115550273,0.9887442656739335,0.9866452811353735,0.9875614671915673,0.9882126452928763,0.990825885600773,0.9861466679324155,0.987786903311302,0.9881281217810928,0.9898026961211175,0.9923080631451714,0.9865686634951323,0.9868805529521844,0.9892111524325629,0.9847609652299459,0.9827167537246032,0.9879185771403047,0.9857970682572741,0.9876139962131554,0.9903158647252066,0.9916204911432552,0.9879730581845331,0.9882449390627138,0.9897231793457597,0.9897741115990225,0.9900745592669318,0.9880320040812417,0.9878909248121623,0.9885750122802881,0.9876289750356935,0.9874240844648323,0.9893284792411767,0.9878670427587206,0.9867966763728441,0.9886266548689596,0.988339514922381,0.9880842450659006,0.9868476139862442,0.9892533970416765,0.9902987719471599,0.9901925248121258,0.9871530095951737,0.9912934102442978,0.9900707180605955,0.9893136099525234,0.9856780785477022,0.9899484647609978,0.9867151507021725,0.9843539688963215,0.9886945716551375,0.9887751415821056,0.9875015689969907,0.9876541458145429,0.9872959526347151,0.9870718200642228,0.9880626365957612,0.9867648167300336,0.9920521354342119,0.9851283099506184,0.9875500884161736
400.0,0.9899973318336086,0.989230490189379,0.9884287437287476,0.9900639334642614,0.9878726142712778,0.9868561591748032,0.9869323753551261,0.985779411723924,0.9897761037129764,0.9874198090186614,0.9895603040125928,0.9879916272483099,0.9904005195753056,0.9882099397598716,0.9910883616729761,0.9865523334621267,0.9871008050543484,0.9874748152062025,0.9871232350615052,0.9877775794376195,0.985965223180331,0.9888515272954235,0.9831529864794301,0.9860972738854508,0.9877297512274154,0.9860448437652805,0.9861461839582238,0.9892864831455951,0.9867151114721724,0.9900575543529333,0.9905009500728276,0.9888288079055163,0.9847413839389673,0.9883335509571021,0.9878816031767345,0.9899765818060654,0.9861280039420711,0.9884303971084283,0.986010098175729,0.9873958924872523,0.9894854254240377,0.9867327776861683,0.986759728361402,0.986820087356383,0.9867044051948711,0.9900082297296797,0.9862590875039665,0.9878306234489727,0.9886733592126208,0.9914417242852471,0.990507120326648,0.9863009946200425,0.9871901927726265,0.9903954296001046,0.9832517516986276,0.9847077159314817,0.986880574645273,0.9856552228627007,0.9892073132681891,0.9887199703455217,0.9901453204844062,0.9881536697999201,0.9864456644441436,0.9876192684371252,0.988851631185674,0.9871013795537487,0.986496010486207,0.9871111944948936,0.9865441077189762,0.9878552366708475,0.9886876495854616,0.9864881842287913,0.9873151664722138,0.9862260101121582,0.9886433489800611,0.9869094772960091,0.9883413752391805,0.9885273812397912,0.989649437164717,0.988777014236638,0.9885725596705217,0.9867009772005338,0.9910582986981783,0.9893925544836734,0.9876725236457986,0.9855312077301319,0.9887119397797505,0.9860723712794508,0.9833733517919993,0.9875993138419267,0.9915795367907365,0.987800895186518,0.9864389625590813,0.9852602346414209,0.9864433426034799,0.98756529675612,0.9856361204873763,0.9905934764416978,0.9845779853860588,0.9859114320819337
420.0,0.9885552983917175,0.987978957390886,0.9878487233038357,0.9892453500200358,0.9875684097441019,0.9861564314250963,0.9886622538372672,0.9854944700151367,0.9883062106730752,0.9893422203824134,0.9906191621498646,0.9877618707853443,0.9888445466982976,0.9864212267796743,0.9891114177111389,0.9861255318024112,0.9856387271230554,0.9874144062944044,0.9854505275738893,0.9874634475968453,0.9851878439032176,0.987478931406733,0.9819650094610882,0.9878264643762863,0.9877959555120844,0.9869317002171407,0.9844459446794479,0.9904522444796544,0.9880042539329417,0.98955473069391,0.9903077720283626,0.989240672175771,0.9826451174430773,0.9868732730706516,0.9887634056178971,0.9893042437529289,0.9867749553694214,0.9876422093195392,0.9867394587108459,0.9867554549178535,0.987231249651748,0.9876923036684948,0.9873060745709953,0.984907402203052,0.9855085025182845,0.9880985406795311,0.9858101508140609,0.9868657637306216,0.9885015441324464,0.9892702572542731,0.9909915987250114,0.9854420394268361,0.9855828756887731,0.9900609331502952,0.9829099183186357,0.9826986622078053,0.9872342107188036,0.9857578190073949,0.9872498494785258,0.988385943638538,0.9909801911002033,0.9869799031553071,0.986475998929928,0.9892639047580447,0.989470527898687,0.9893952471753714,0.9866888995652031,0.986258469370669,0.9853235901751988,0.9869050781870817,0.985667730885186,0.9867965985106332,0.9870342210906601,0.9850800864629947,0.9872097353188491,0.9861696467046175,0.9871520097621984,0.9863501331362533,0.9900965883329989,0.9887363891844495,0.9892954581860577,0.9868082832389136,0.9914936611724806,0.9872840242167009,0.9882430786236099,0.9843384514192018,0.9892966046313452,0.9868550838969731,0.9826871298026745,0.9870216330291547,0.9906511541284693,0.9874057859537126,0.9853861709986468,0.9854022738399357,0.9845172508220423,0.98753861515952,0.985115059126682,0.9894264109786381,0.9856744211770495,0.9867760403171245
440.0,0.988001956993506,0.9880964411809088,0.9879336046357842,0.9901503662987288,0.9860160587683896,0.9858904878510817,0.9881359737803636,0.9845722674864608,0.9891181925371467,0.9886087116391522,0.9885952543498585,0.9871094412206011,0.9874289375791148,0.9868469450526276,0.9903329275937888,0.9845525669198107,0.9865987422746431,0.988674990008997,0.9841950391170426,0.986254698611391,0.9847533150571229,0.9870747283808544,0.9827274309584526,0.9856432170170124,0.9854617053885293,0.9856871283385256,0.9840545947347215,0.9888686802429524,0.9892810591184669,0.9896798776302805,0.9894175790997043,0.9887447371863387,0.9840211723665137,0.9889144853447362,0.9885580824103867,0.9865038762863452,0.9860084790909157,0.9876842239367841,0.9847166943569803,0.9866875788013347,0.9859407625937756,0.9874728578599901,0.9851213753696424,0.9863617666730702,0.986989520620559,0.9892775417593116,0.9863379879617697,0.9858844289866876,0.9863461721497483,0.9889790547040154,0.9901416756235925,0.9856058044695591,0.9871760468384194,0.9881673217740731,0.982498565792659,0.9818769328574374,0.9854567598170099,0.984853949908806,0.9890226847988504,0.9870895709000717,0.9901514334400743,0.9884377533559858,0.9860111928853162,0.9880194597541125,0.9891976827927329,0.9886539444078433,0.9859924484384859,0.9848096314204522,0.9866105764764915,0.9874878430571941,0.9855877719343402,0.9867004193013281,0.9856701922417114,0.98570872010126,0.9878996157833781,0.9852769016292039,0.9871588688470468,0.986843515963131,0.9895393537931338,0.9886127608742428,0.9877256573662966,0.9854661445216175,0.9894026218019633,0.9875120660603158,0.9876632770613827,0.9855763038352038,0.9884420029184035,0.9852419747904422,0.9832273667406536,0.9867559145665296,0.9913812762517166,0.9867727822336105,0.983634606454419,0.9835543128852305,0.9840097827718425,0.987117478107639,0.9848353135358784,0.9892953616246247,0.9849454818972958,0.9865360925101534
460.0,0.9877343094651612,0.9881247457341881,0.9868052337146026,0.9893048197026013,0.9872518519448159,0.9853615032328984,0.9880748937530096,0.9846058474353496,0.9881940111221469,0.9869641991334196,0.9880986190022181,0.9850081434171968,0.9884528761132173,0.9863016266063225,0.9895536262050132,0.9846430508992409,0.9856505248940891,0.9866615527648716,0.9852384616361249,0.9852778639092463,0.9838720991148421,0.9865954715454874,0.9817407170562924,0.9864989822676984,0.985801996980269,0.9851543978014036,0.9833445303869511,0.9904866436813603,0.9874392110715603,0.9886193362955092,0.9901058199997406,0.9886558934267328,0.9815402252117391,0.9880913389712569,0.9887678552169974,0.9880312448006254,0.9873413329827909,0.9877257767768904,0.9853236854076742,0.9858807696504391,0.985567875341451,0.9869204786048668,0.9854667642635865,0.9866031522835708,0.9867467377649272,0.9887001853260823,0.9851180680244782,0.9859557064577381,0.9878191912973439,0.990468241260631,0.9903604828516461,0.9867968091708179,0.9850311242597903,0.989043173898394,0.9816327617685248,0.9832575747776326,0.9869948324195164,0.9851036784276834,0.9875283327741874,0.9878047044775693,0.9892506723259853,0.9860517336173307,0.9865255518424261,0.988826701346412,0.9895539099200557,0.9863208611235502,0.9845659049412331,0.9861888830753008,0.9857049839421217,0.9867812888616422,0.984744242460879,0.9877039064591644,0.9863188353611261,0.9866641408724651,0.9848865358406288,0.9860788474413043,0.9860207823877114,0.9838860479399647,0.9887390834363974,0.9884842408446639,0.9875475507967424,0.9847303670639282,0.9899207948084179,0.9869184108710392,0.9866738765971091,0.9846946697660245,0.9890265671092765,0.9832902410440634,0.9824127457873065,0.9863752106892087,0.9895086128580546,0.9852690982935262,0.9849215047526738,0.9854650840563698,0.9852186556960743,0.9858669068643461,0.9849938368811795,0.988051359236897,0.9842476715394842,0.9847321586863897
480.0,0.9881186244738921,0.987036934488239,0.9880811650532377,0.9898918258700458,0.9861857327592177,0.9852812511204627,0.9887076865551149,0.9837240589232598,0.9874485327334374,0.9859904511609159,0.9874260235798259,0.9863985786962167,0.987434573506489,0.985116913837667,0.9887117929002066,0.9857486036872606,0.9836735321703374,0.9867622437671593,0.984815404372819,0.985658117168602,0.9826207237957544,0.9862969343905785,0.9801701011761825,0.9853188543859289,0.9850200231791693,0.9853951591283381,0.9828002127716083,0.9884115501415157,0.9870435972498379,0.9880645722257311,0.9917362365300119,0.9875637974437032,0.9816104034588737,0.9870851024138023,0.9864765710629447,0.9882411767506027,0.9848398791622601,0.9866097205206397,0.98540900187195,0.9860276524086506,0.9849821574085211,0.9860784870431173,0.9856644891350388,0.9855170338460477,0.9870789723125446,0.9904012335729171,0.9851205898693176,0.9866950357247659,0.9889174908132078,0.9891252407018537,0.9910599482360326,0.9839010271753906,0.9855546688711985,0.9882522515717739,0.980639201338305,0.9824291397676873,0.9842795512285707,0.9847030317344271,0.9858914299832838,0.9870213946093356,0.9896301101256426,0.9861195831882447,0.9854654171742105,0.9870937950773103,0.9886054682953842,0.9869723151740012,0.9846962668905423,0.9856612116089196,0.9853595247830288,0.9859524557083541,0.984287451339841,0.9855032563300063,0.9862447357804904,0.9844977584786131,0.9860332812592559,0.9861953420986193,0.986532122322088,0.9864463475956502,0.9869909698793043,0.9876088666977193,0.9869626012014955,0.987502603355332,0.9892343533029284,0.987961837661635,0.9873293595134458,0.9837435006228843,0.9874384309752245,0.9845800091298501,0.983283896227801,0.9860157926119743,0.9902427770641165,0.9854757166381669,0.9844568326631368,0.9857800078438339,0.9837808801745088,0.986968500054421,0.9852119383234578,0.9883965245757851,0.9840422158015174,0.9852844910815716
500.0,0.9876669538756119,0.9873151378972705,0.9870667612585401,0.9885158642677528,0.9862710644123215,0.9859384702618473,0.9854402565933119,0.9835141957236191,0.9875036405248591,0.9844786493361426,0.9868925060937409,0.984757782303832,0.9875770994457825,0.9844638489633124,0.9908224820655763,0.9832451113553031,0.9832130045143721,0.9858847552619846,0.9827874841037364,0.98444531271835,0.9820510736845028,0.9873018248388326,0.9804238218934475,0.9845420718765064,0.9847941851510756,0.9835064994681735,0.9833538512046999,0.9894639687206368,0.9870890311251495,0.9879438158032756,0.9877123559400128,0.9877486234373851,0.9831678676520533,0.985427342789154,0.9866581568233339,0.9863953803522886,0.9868223835896919,0.9862400602430803,0.9847879582067575,0.9850515023752971,0.9861043108176055,0.9859394664498459,0.9828152624811539,0.9870693512692216,0.9869982401504578,0.987502655102964,0.9846829317871434,0.9855954629782361,0.9872716870588975,0.9882367804005863,0.9899577337471607,0.9835717026081191,0.9856063392586921,0.9884762119523874,0.980135570090278,0.9809173547206823,0.9836461016988377,0.9845715436044181,0.9859408723757318,0.9863059973025555,0.9892285808854172,0.9861175668402526,0.9853182697271441,0.987829217069455,0.9891814377494347,0.9877542604324472,0.9862912228666835,0.9855593110126492,0.9853142033956774,0.9851157904331093,0.9854961640763369,0.9851403586941009,0.9871126203951595,0.9843021967764364,0.9856661748995649,0.9853065136493985,0.986000992566771,0.9862102752360417,0.9866808160117574,0.9872984659779931,0.9875537041851296,0.9841119567022546,0.9913154319750849,0.9871796996448012,0.9866752108743326,0.9844969090483863,0.9877322765852098,0.984653550273379,0.9821506754489698,0.9855531078609211,0.9903932015565741,0.9848016833775668,0.984159932202194,0.9837597377056753,0.9842349009142388,0.9851727727303725,0.983906467502831,0.9898067181824883,0.9812617332746882,0.9838740225630015
520.0,0.9873913923231565,0.9860903727184226,0.9857441527888023,0.9871001542267993,0.9856570674960103,0.9823156679623548,0.9862990017866317,0.9820820227006574,0.9884613798375715,0.9860781675592546,0.9864168538570998,0.9853957822656699,0.9874847720007527,0.9858934970129102,0.9906056303128522,0.9820635809411575,0.9843683272282423,0.9857756885496233,0.9837687245679257,0.9844697073764728,0.9833613196155021,0.9837092012622193,0.9808262512540437,0.9830385880253834,0.9852350320324466,0.9844224781013754,0.9825423844587602,0.9880228432871905,0.9870333151365878,0.9879063659271927,0.9891264007589051,0.9862436316764597,0.9820267502901381,0.9863356264138258,0.98710392469738,0.98650425035484,0.9851367175498642,0.9854633745411332,0.9853879537167834,0.9852122751725926,0.9846877404919577,0.9858765151693455,0.9851488055821308,0.9851463842964211,0.986632078096071,0.9874402446416266,0.9845746765399686,0.9833925318848513,0.9876040733696109,0.9882809780255623,0.9878795721743707,0.9830663926994848,0.9846667492813678,0.9879162494461311,0.9791987354089405,0.9801507011949074,0.9828884906281713,0.9845807516499938,0.9866431860710831,0.9858403597358328,0.9895190016064657,0.9848051843987624,0.9856859311523651,0.9872691685521202,0.9879121232801454,0.9869860670695317,0.984953939340564,0.9836494795769692,0.9834288792105919,0.9858203064134945,0.983310720893825,0.98639054482127,0.9853306995904694,0.9864549724063002,0.9847424819906568,0.9864931087504368,0.9860243071658955,0.9846747740983538,0.9878612420949513,0.98818235364284,0.9878882813150358,0.9843715040390294,0.9903574826957628,0.9855989422668009,0.9861822702556164,0.9814187288157474,0.9874512863736513,0.9841681940818617,0.9816531108369206,0.9855357521553041,0.9891159479643106,0.9845059308980085,0.9852818163577635,0.9815693116382835,0.9841838213969752,0.9854112298088412,0.9836298910585167,0.9905007687536412,0.9834747225291646,0.9825227042432905
540.0,0.9870970070361528,0.9860043030544507,0.9857891103917076,0.986699822690073,0.9859518167190511,0.9837925862604345,0.9869302991585112,0.9820635411342528,0.9882426306884432,0.9881166104660998,0.9863999109732317,0.9836958948863255,0.9858889594463551,0.984699395388753,0.9900590443313426,0.9818550050862056,0.9838049516900567,0.985369398042267,0.9837521360156063,0.9848681417677768,0.9821758012603568,0.9836066968903456,0.9803099309007033,0.9839657869671316,0.9831555441970538,0.9852765264920164,0.9824044567889546,0.9882129107302353,0.984389938890955,0.9872057074693812,0.987996207828159,0.9873365773884255,0.9807043995230295,0.9849370845425723,0.98622349229835,0.9844837158304566,0.9838631993836982,0.9865352727582193,0.982844449114903,0.9848951067875091,0.9847104737325718,0.9857423072397229,0.9829826293494097,0.9857880848378225,0.9842175932489711,0.989213784769863,0.9856151627810285,0.984205089287913,0.9862419867016118,0.9892183540908139,0.989412801819253,0.9850958623734924,0.9840452215812413,0.9883920080268113,0.9796476990949956,0.9797738730765184,0.985324172510523,0.9838257817453713,0.9865248242889045,0.9882726191998393,0.9879976821932791,0.9855956387131993,0.9851198374097131,0.9874329846970287,0.9875247025694757,0.9851709798812581,0.9832019914710352,0.984846903627052,0.9834441155798984,0.9842911124555503,0.9830637904557207,0.9844865390012902,0.9830292475828221,0.9841437578906673,0.9868619477322458,0.985465277010469,0.985538679574086,0.9847188318472236,0.9860541055997576,0.9877345587089009,0.9865014890724445,0.9827069999961751,0.9876572350601853,0.9862330907324888,0.9856268712170362,0.9821738635762205,0.987940814672282,0.9854950152839139,0.9803772669460933,0.9855716481912035,0.9888944929921697,0.9859098790447938,0.9841781006436697,0.9833357427230426,0.9821134906383189,0.9849863862483248,0.9823820551868943,0.9890220389587359,0.982259328176977,0.9836999743330118
560.0,0.9881611207485813,0.9856685944277015,0.9865374534307357,0.9888336715947198,0.9842942095361812,0.9837414380640652,0.9848824061639038,0.981931686798627,0.986321329068986,0.9861998947593175,0.9867571036183481,0.9848240059251294,0.985668542714097,0.9838023401014543,0.9889287060605021,0.9829605283113201,0.983507515471645,0.9853773865959313,0.9830468934173238,0.9832464078216246,0.9814841413859624,0.9844211392121899,0.9772279778502191,0.9824789000301489,0.9849500925133234,0.9837300400859263,0.9814269947437166,0.9865724741402259,0.9843176719077625,0.987992247496841,0.9888071764229175,0.9872990882333995,0.9793811471534747,0.9866758368618329,0.9849595975660611,0.9859747991765039,0.983885114299713,0.9863344842749308,0.98195754447295,0.9831737240261584,0.9841920181564711,0.9858096880609288,0.9838060521937286,0.9845886771637321,0.984378909450992,0.9891475351751825,0.9847217308509323,0.9854235786614567,0.9857118650115726,0.9890435843714076,0.989790807903853,0.9829552133126529,0.9835940701408765,0.9872025292395809,0.9786988846333172,0.9795616046668671,0.9837230141510869,0.9818742609724253,0.9852952486810824,0.9856025790309946,0.9882071740104927,0.9862777672127636,0.9839181159176922,0.9869891669324039,0.9881836865588662,0.9863838114050842,0.9826482240745873,0.9855907652655161,0.9830087052295283,0.9852632615642106,0.981772214627279,0.985003792478206,0.9844608798362542,0.9845453813588867,0.9845373986933446,0.9836997888556768,0.9850799228121883,0.9843445404286111,0.9866500165519154,0.9868416006473986,0.985322978982356,0.9836139668329994,0.9879743186511556,0.9848658642662441,0.9856604639191785,0.9820409051899076,0.9850715094744128,0.9834204646418174,0.98041180645881,0.9836249105478865,0.9890206057816814,0.9824887869844801,0.9834077635318389,0.9817100554380295,0.9815773115271131,0.9851505085685822,0.9815356721004496,0.9880965768158131,0.9823139664022034,0.9828317389411614
580.0,0.985822222729095,0.9847007459625327,0.9866462993722218,0.9886142079473157,0.9842042004598961,0.9834600329923395,0.9870227519762006,0.982003029711761,0.9860828496867347,0.9850802232991379,0.986787762328437,0.983458256037726,0.9870582588548839,0.9841877506078162,0.9895613581845424,0.9825596728853508,0.9831811410482721,0.9856095684953599,0.9828416270903613,0.9839553065352027,0.9815368300717018,0.9845195157377162,0.9769441934234107,0.9841284470796804,0.9847019345521535,0.9826719684597632,0.9814008765715154,0.9861826459224227,0.9855117073502616,0.9881761430019672,0.9881269384635605,0.9864717128689318,0.979222948274538,0.9858293971919184,0.9858652733375431,0.9845861721940128,0.9834243916533484,0.9857632852972393,0.9818760697206582,0.9819944643466781,0.9844669269652373,0.9858510357517655,0.9833544826642812,0.9846694276113139,0.9846942470514134,0.9872060983345937,0.9838447910225806,0.9834518193735322,0.9857544994006059,0.9869556382816157,0.9883855843292675,0.9829206556660617,0.9831608898890022,0.986719036834158,0.9777130428351364,0.9801661358459071,0.9824132944962918,0.9814964949568927,0.9850610805385482,0.9843301917561124,0.9878664495095713,0.9842573809243315,0.9831342730637276,0.9863880889288079,0.9862685790194592,0.9838663926296879,0.9834151326400645,0.9836307635072824,0.9817181177313415,0.9866870111901263,0.9820402256091866,0.9828886007762258,0.9863717129329899,0.9844426438447507,0.9839041523640152,0.9833204783651135,0.9841757625667532,0.9830141818240882,0.9867777242998301,0.9875317589424747,0.985169128287939,0.9823963571064271,0.988848724841585,0.9856998243025945,0.9851586474644172,0.9805893110714725,0.9857714995426174,0.9842527591289367,0.9803399758383471,0.9834131564238459,0.989202983780703,0.9833335411943335,0.9816091868893708,0.981492475917846,0.9836272508235411,0.9828145608230783,0.982190101768829,0.9875574614029023,0.9813801076164794,0.982468423827417
600.0,0.9854410204277866,0.9857344283942809,0.9872662364772309,0.9868175969153001,0.9867627591942628,0.9825533413792094,0.9858349954491106,0.9806090198736811,0.986508467927489,0.9855798313412992,0.9862717114287095,0.9827183299170658,0.9859697292890724,0.9848159536105028,0.9882501148792094,0.9820432651461346,0.9830017847081741,0.9856580798738197,0.9808060049607759,0.9834753542942147,0.9817399146564655,0.9847164640781441,0.9783543283148206,0.9842008534373164,0.9835424980918978,0.9821877744423975,0.9802165996055231,0.9869505973498456,0.9844556332548524,0.9860559487797977,0.9884469912424136,0.9850799803003907,0.979223076508265,0.9849386434797176,0.9856806597620246,0.985276372255506,0.9826891027744039,0.9860338288545074,0.982815346573392,0.9843039295340091,0.9828476977492598,0.9844154797673277,0.9836460805665036,0.983864735503785,0.9859891008418548,0.9870398484132257,0.9831072656792456,0.9818120301055129,0.9844799239368992,0.987317123673092,0.9891209834015376,0.982239721169865,0.9823699086195722,0.9874449880419505,0.9771888126665549,0.9787359347160443,0.9832977443742489,0.9817612548775948,0.9853097832515406,0.9846236904384639,0.9882238659968741,0.9846316643068462,0.9842056578632147,0.9850697379792065,0.9890256340385585,0.9850833291877136,0.9843826652484221,0.9831439709557053,0.9821493731396133,0.9853348504009609,0.980888427936471,0.9835820232919799,0.9845215972090521,0.9841034982092297,0.9838953767119718,0.9835842558626181,0.9841003409091599,0.9836013350195645,0.9853320251419472,0.9855479945084498,0.9860502131961109,0.9824157619105546,0.9883490982655957,0.9841031840056662,0.9846860358715503,0.9811397327578372,0.986522373116834,0.9831741513063167,0.9801720999631023,0.9825037633071974,0.9885290721042559,0.9841180493634952,0.9815723992821498,0.9821191441527437,0.9821547847164355,0.9848725930351034,0.9813737146953131,0.9868740154408338,0.9806796857916693,0.984017545996207
620.0,0.9849069873019134,0.9846605817250063,0.9876967188348836,0.9863840278240313,0.9837148457532867,0.9810775512593876,0.9859197195174582,0.9809231954412351,0.984667456281077,0.9836427011409872,0.985332463003897,0.9839605219823897,0.9840550000411183,0.981741917351858,0.9881654650360021,0.9827156302460778,0.9832016022444405,0.9842547606371337,0.9817921462207219,0.9817966011449821,0.9808269196262696,0.9842034173192722,0.9758064177700706,0.9819871075156368,0.9814075057779941,0.9818901804276459,0.981901681540775,0.9870943769456434,0.9857651482252239,0.9870823161660055,0.9885289507258846,0.9868848420881449,0.9787176344776959,0.9825974171765025,0.9849760999110108,0.9835512006675161,0.9834319349621412,0.9850195473578247,0.9823053543596239,0.9829069399545882,0.9823122493444,0.9839545693586638,0.9828448188156004,0.9843735034618287,0.9848054001590175,0.9877852516029781,0.9827779844244744,0.9844006561625136,0.9840485463333082,0.9871685785956977,0.9875371173972931,0.9814316803885035,0.9821013117461778,0.986750762856853,0.9762306246357383,0.9784960421164176,0.9824712017246523,0.9810681450931733,0.9844903105799249,0.9848313859751221,0.986588565644927,0.981785896497481,0.9835479204985911,0.9848270826999973,0.9868005106872799,0.9858609845323464,0.9826174598154266,0.9830700369609863,0.9830433541792882,0.9845024322729302,0.982373943358892,0.9820442402801636,0.9828323477385265,0.9820045572003002,0.9819207233113327,0.9821759907283689,0.9844092285092069,0.9821563073827412,0.985133980371523,0.9868599145551927,0.9869128141638176,0.983237045146389,0.987443022938872,0.9855394383074091,0.9837934976462305,0.9795969643976447,0.9867893604549328,0.9828012002477579,0.9790771836254897,0.9842487158028106,0.989094531721937,0.9816075802918536,0.9815154666357107,0.98142093745014,0.9811284160011156,0.9832723121770963,0.979673028731683,0.9890264221037216,0.9799953726538144,0.9808378731236821
640.0,0.9857615475392253,0.9847410067548524,0.985397495701242,0.9875923769982706,0.9835565059904162,0.9823816113601439,0.9844914965106154,0.9798804770247228,0.9853105198081199,0.9843409601053423,0.9863825958484367,0.9832317599208023,0.9864569969273356,0.9820261134545726,0.9868942063166818,0.9792172542910417,0.9811808965915685,0.9841494845410018,0.9808874377592313,0.9829706989813183,0.9797409624815688,0.9831820223974935,0.9750870986153781,0.982507645546961,0.9822476147408956,0.9816445576469073,0.9784344210761936,0.9860598099422558,0.9841551437721486,0.9866260335873096,0.9874966015062985,0.9861110954325635,0.9781429390772522,0.9834478117332084,0.9847730788139817,0.9849216363947229,0.9820250041725189,0.984954082588045,0.9816132175448754,0.9809666396115732,0.9830038303460134,0.984341916139142,0.9801321200685437,0.9829642810563295,0.9841785498384462,0.9851804970696506,0.9830393513960014,0.9830700022890179,0.9855233012953254,0.9860560777513409,0.986668494279435,0.9816286673336775,0.9832784196918433,0.9865935623836104,0.977467444054756,0.9783730627313565,0.983120860895843,0.9801301017747108,0.9830356874258167,0.9850040623872328,0.9879735837259516,0.9836281138658731,0.9812791944551635,0.985255236304997,0.9865345283968024,0.9846580386180818,0.9834497310997506,0.9840822895168096,0.9817824114752415,0.9835362750498874,0.9837259356942937,0.9821845113274476,0.983610480293624,0.9826905535854985,0.9825673699838772,0.9834214691724356,0.9826947547381758,0.9819599400751711,0.9855928204772616,0.9857034766217196,0.9854590722744736,0.9824141133656421,0.9898367108052099,0.9851112403446575,0.985332629914117,0.9806224021918039,0.9854573677936959,0.9818166458521244,0.9795737154932345,0.9834128296550985,0.9877235415068489,0.9819010326899996,0.9805839685440796,0.9804307025561767,0.9803112086350148,0.9844477614100697,0.9801274946977206,0.9869700822125512,0.980089108237569,0.9819904605006712
660.0,0.9858861166559523,0.9848140176842946,0.9839780896846497,0.9852733684321648,0.9855961874762931,0.9831414361465922,0.9853085630000659,0.9795904478533992,0.9847268709373536,0.9843492497692489,0.9859748521184184,0.9822000286466788,0.9857726327047142,0.9821458158939413,0.9878552049851804,0.9812876542095702,0.9807624830492165,0.9824316581162237,0.9803496702963386,0.982385562713038,0.980834353356076,0.9839728676009799,0.9752534853004834,0.9813312281475446,0.9836875677001804,0.9811788619513965,0.9802728474313155,0.984725786534606,0.982555016755542,0.9868180065836377,0.988005375183183,0.98496743739755,0.9777236557604342,0.9844764210377224,0.9840856549274641,0.984997680515274,0.9809181288335005,0.9845782708010316,0.9802616337060315,0.9814077546935811,0.9829607467839996,0.9841563696775909,0.9810400338400532,0.9829612400717103,0.9826383151074202,0.9853061673957765,0.9829010016571098,0.9821098489662352,0.985302376635313,0.9865522337129169,0.9877404298898542,0.9834170713341077,0.9816458099164017,0.9852013225581167,0.9762375839352018,0.976029293745639,0.9799408097342861,0.9803033671192021,0.9831094172958347,0.9847082135359807,0.9872873559233298,0.9830863888054078,0.9819529271713933,0.985432479423819,0.9863826923421775,0.983940395031424,0.9823268861243075,0.9812749733082726,0.9801380910666602,0.9817345651639892,0.9808146613919903,0.9833610240389733,0.9822043364866869,0.9812377044045724,0.9836179072164009,0.9824237051474195,0.9823754777013932,0.9829962200543403,0.9857890569841513,0.9875976078246315,0.9845445785709463,0.9821308274325731,0.988312074171885,0.9860311722696388,0.9828121891485895,0.980508415158345,0.9847472462864016,0.982091853148203,0.978279689222178,0.9832775470549134,0.9868109594615548,0.9816324622680904,0.9812218406229724,0.979909700033286,0.9802486603568608,0.982750833580075,0.979906683119013,0.9885590019460654,0.9791302730304776,0.980518061330984
680.0,0.9846092314422286,0.9844884125014338,0.982771109058626,0.9851820172594815,0.9861468585337647,0.9801766990601675,0.9852249870611577,0.9799437003358978,0.9847054656286599,0.9838949927615049,0.9849796576774444,0.9835085549113192,0.9847124057864826,0.9837174003868984,0.9873573018254275,0.9818394200917039,0.9804595044717714,0.9829601204145025,0.9810427012405593,0.9815471943799847,0.9807083436433657,0.9836535933363226,0.9754809470730992,0.9810581023186012,0.9801390131631412,0.9818514746157795,0.9799380426586027,0.9843970846545458,0.9827870434185896,0.9862801891708726,0.984984191275001,0.9850557211110353,0.977113992830685,0.9845916783971141,0.9851738354085645,0.983245637429645,0.9820174343820776,0.9839600598042586,0.9814061022788575,0.9822406993023516,0.9824053359370841,0.9829996953520733,0.9814161962932105,0.9825058348856558,0.9819111473273973,0.9863263870062734,0.9813678538934996,0.981514240061735,0.9831092718517422,0.9863557180839713,0.9859956166630759,0.9822017752746052,0.9807457743993536,0.984624745099865,0.9749794730512313,0.9771010772208548,0.9806019410394092,0.9798971754148076,0.9836407322600861,0.9845067288922961,0.9856179171482983,0.9823631899668149,0.9819788178871349,0.984672390417819,0.9872001343002372,0.9847506183040979,0.9820673388807906,0.9818976609743048,0.97959661260311,0.9819121880764152,0.9794004069481439,0.9823142508216101,0.9813789154424913,0.9841499601982292,0.9819878203031932,0.9819893727582177,0.9826887820198289,0.9825259367271595,0.9859565289783683,0.9837413792807793,0.9851803380429486,0.9799026470386728,0.9882256893401262,0.9848823649489872,0.983672999146953,0.9794764919786411,0.9853064934248252,0.9811845909162963,0.9784750292433924,0.9813941328318188,0.9892385534593303,0.9815204922648645,0.9807282246290542,0.9801423760890066,0.9793071463018752,0.9827594063525983,0.9791517511766776,0.9877295555292558,0.9796625775705065,0.9816742320178802
700.0,0.9837488597777375,0.9843684882688513,0.9844010857377583,0.9861541445801304,0.9825849900032588,0.9817428217118004,0.9842723928345577,0.9772853452497955,0.9834975724171375,0.9842939483600303,0.9843121514893638,0.9816549865344053,0.9839618376807016,0.98244234889813,0.9860408937785365,0.9793112310211064,0.9812030759016228,0.9834641543903802,0.9811438633676293,0.9804984090393974,0.9794363211715192,0.9826519377570899,0.9745699990851913,0.981833558711413,0.9817470751908383,0.9793729615591127,0.9777457317952485,0.9840769428227811,0.9813038446565052,0.9848762078735955,0.9878946015541459,0.9838146680606701,0.9756733975951325,0.9842072194930708,0.9829725011942696,0.9826600110748068,0.9805411699497375,0.9833099565650644,0.9794493183198892,0.9810475074666798,0.9811546748722424,0.9836620571255056,0.9807911429869919,0.9816340374256952,0.9829214998097168,0.9875495264067488,0.9817870350780437,0.9823263697160147,0.9843774842013786,0.9870211514707392,0.9869849082028547,0.9800472092827793,0.9806068744553399,0.9847377018732439,0.9758161044603036,0.975798269416902,0.9800832427710894,0.9793633205251195,0.9841212559304381,0.9831538877087546,0.9873979896471664,0.9835677714113541,0.9821159864183105,0.9853820481566974,0.9860711774017267,0.9845217799683406,0.9802703988972145,0.9807401616905895,0.9818032411298112,0.9836841998397094,0.9810834497328057,0.9817669646191016,0.981850798963822,0.980581213645101,0.9814910080382176,0.9819871959976905,0.9825447945103307,0.9808363303977576,0.9853171664359986,0.9838615923984048,0.9840922475043631,0.9824364016316722,0.987078563206366,0.9835681672735735,0.9827563846848185,0.9773769858184205,0.9851183082463439,0.9815941826935102,0.9770207194684849,0.9836335825803243,0.986959164280953,0.9800694117684771,0.9791971761431044,0.9793304251779398,0.9805727145004859,0.9839980293028512,0.9803365350024734,0.9849730576500665,0.9772918764181553,0.980823900876147
720.0,0.9834850185043684,0.983465485844862,0.9832497581146165,0.985068261658182,0.9829302465127145,0.9804405069909281,0.9839925892936953,0.9774462749235378,0.9826055715197975,0.9836375514939922,0.985003270270955,0.9816964544311804,0.985418654236992,0.982501312495895,0.9868186176048115,0.9795364768884118,0.9816092173713543,0.9830894965773109,0.9810138167552868,0.9800670490595301,0.9794191427758624,0.9829533907800293,0.9736432640547897,0.9808397872302944,0.9807481680115459,0.9810938737810306,0.9797985897300308,0.9835407703552277,0.9830216054705243,0.9847804207966018,0.9866875075143698,0.983932808554001,0.9759594185043545,0.981748008845551,0.9829281662723329,0.9815452308149705,0.9810473976696304,0.9852103657600728,0.9809964332123923,0.9805131700507904,0.9820106134900505,0.9834992958209473,0.9809742894990127,0.9818438914000323,0.9810858821449325,0.9857223497705098,0.979799940120734,0.9806794788096898,0.9832375936575314,0.9868351821222866,0.9879846462225736,0.9808927144399434,0.9815492977539556,0.984428993417026,0.9742248271252943,0.9735621987689217,0.9785170742653538,0.9792759784058734,0.9841411522971419,0.9836496182812322,0.9879812261160784,0.9821295637552042,0.9818709494878851,0.9843842807969982,0.9838946958697162,0.9844959639851388,0.9817411328069818,0.9805905298623179,0.9800329507645665,0.9817174721253494,0.9794152303054299,0.9810947495288665,0.9818736335884647,0.9806865011071028,0.9828681995961226,0.9824728326303102,0.9812255872205762,0.9804733252118228,0.9846175743448802,0.9844688158539059,0.9837007120367229,0.9796642752490049,0.9879987775810116,0.9842664452212844,0.9841050983539933,0.9776903539523396,0.9838611994788083,0.9809342235566063,0.9755386112650237,0.9813897976673522,0.9867765128445678,0.9814729458892756,0.9806541497977973,0.9783907164947028,0.9788546140567894,0.9819169244020803,0.9791298151598253,0.9855864963861849,0.9777245498400641,0.9805298368836928
740.0,0.984391605177723,0.9829167151499777,0.983283930748392,0.9851269845149235,0.9832037380940216,0.9803092993621008,0.9837433018240652,0.9769051702848028,0.9819347134265435,0.9836000146098736,0.9844477752247883,0.9815523988253193,0.9847669944637585,0.9806497428972658,0.9865747919257751,0.9788684212819434,0.9799129136897259,0.9822539835640213,0.9802516003207279,0.9799738325449061,0.9792370322794843,0.982083150066559,0.9731406246908646,0.9819224403634079,0.9820061640832917,0.9797487766519799,0.9784031015717164,0.9847814205025898,0.9827665887034712,0.9855677122347889,0.9870174595248074,0.984063640277466,0.9766539840399441,0.982967699068063,0.98311478780841,0.9827604343227484,0.9805907827619876,0.9827849041886062,0.9819989960144873,0.9816984867521689,0.9805432564643736,0.9834379425079567,0.980872216111475,0.9829658753948798,0.9814549458585287,0.9859155808198304,0.9812653454650696,0.9816875847022596,0.9832861155199978,0.9853687623620861,0.9852082335332947,0.9793580522298031,0.9808620305238811,0.9852911208400167,0.9730561193828758,0.9734179446738044,0.9805906342126869,0.980102840503692,0.9831746262651061,0.9823869413510252,0.9867605404669028,0.9819397248137874,0.9810232424188957,0.9835642075498897,0.9860458024616703,0.983856360004905,0.9803786818348935,0.9806400353737097,0.9792245796117005,0.981484423304272,0.9806731166780586,0.981192023188881,0.979976865887344,0.9803632755991443,0.9825624704049972,0.9808916475275555,0.9815006073770973,0.9802058688936108,0.9836916250579925,0.9841751662447831,0.9829589907334675,0.9814950099760315,0.9869077453912107,0.9822022930853127,0.981662636171809,0.9785239423266,0.9841416778608324,0.9800360125129716,0.9767835266337002,0.9816859349562368,0.9869694196639832,0.9811836449023863,0.979411030405614,0.9786358426133029,0.9799643915838055,0.9828048245935103,0.9794429148054291,0.9853400967467775,0.9793942957447561,0.9791151923970202
760.0,0.9841950639546504,0.9829055357462376,0.9828454501699475,0.9847500395425425,0.9840220345812478,0.9791744109259982,0.9825611805624137,0.9758351629118079,0.9824178782690284,0.9822210533053629,0.9828744843376025,0.9805111595511949,0.986133798924543,0.9803437733554362,0.9878579745000571,0.9783890912276578,0.9779046390601416,0.9824848454896561,0.9787368310887373,0.9804908684054623,0.9787543816043301,0.981100697369282,0.972630729710841,0.9798083647734047,0.9804959033498971,0.9800057176271131,0.9779788511243261,0.9853354789867215,0.9822890734032677,0.9861235402903673,0.9849494276052808,0.9852200941111706,0.974381147692868,0.9832466964004747,0.9835200384124778,0.9822147125621356,0.9802931811667183,0.9823240673302452,0.979653429521051,0.9793981842036624,0.9803940456292508,0.9835191858795155,0.9803793310066728,0.9806236169765543,0.9812362853331282,0.9865082425339643,0.9813796646581968,0.98086186768283,0.983092470910169,0.9852263868730446,0.9854956517166332,0.9782541848443121,0.9804256839904413,0.9851820995862913,0.9745105016846947,0.9738554974433241,0.9791758692238602,0.9789544676503202,0.9824864968571845,0.9823055198189534,0.9868682378494674,0.9814741846777322,0.9809207516096633,0.9838449811887773,0.9843972109875111,0.983733830834483,0.9809958677768605,0.9814123501938946,0.9791640072137099,0.9816089706861459,0.9790483068368367,0.9812874170936855,0.9802325833441312,0.9796726146410061,0.9815766491624409,0.9803280231092427,0.9811638901431081,0.980973899509933,0.9831644911555811,0.9851438783910726,0.9845777519289339,0.9807471381265994,0.9867788127099802,0.9822617193613042,0.9814881413138338,0.9777012037072519,0.9845531699467913,0.9812570289078507,0.9767331883202801,0.98191249132108,0.9868689132523646,0.9807144522594395,0.9775818936490231,0.978800901526098,0.9783860056341869,0.9815229731862949,0.9781570531010417,0.9855699499225585,0.9768619204095544,0.9789067867809609
780.0,0.9837670157687958,0.9813361743624657,0.9829441122964641,0.9849030489924603,0.981561004522238,0.9794107579875544,0.9828614314608123,0.9767741259002353,0.982666242081236,0.9831991784915052,0.9837168159932916,0.9810564415744932,0.9843066716930141,0.9812781920136443,0.9869189108417159,0.9784806941738514,0.9781939926833809,0.9818623309013895,0.9787349724148885,0.9789482906535206,0.9779518821958266,0.9817959599616187,0.9720217745748971,0.9806602565725081,0.9810356819950552,0.978457465865482,0.9768231540285024,0.9841688759453217,0.9832059465573244,0.983287919617023,0.9850331850785742,0.9834718405350401,0.9748814434709628,0.9808183254782206,0.9813326491691489,0.9811483989808987,0.9822660538529889,0.982917063342615,0.9794773092085853,0.9792588806412147,0.9797321441091987,0.9810981983149558,0.9793762056058597,0.9808400749532119,0.982287869127941,0.9870554912919212,0.9802229796144106,0.9802860951800374,0.9832326206032515,0.9856968427336215,0.9854790779417344,0.9801461707151397,0.9794304942233408,0.9840189052929164,0.9727799855181408,0.9746484471727553,0.9796370458523098,0.9804109264695272,0.9825642942758339,0.9817833307075454,0.9855648905889842,0.9799396933388933,0.980163375719057,0.9839819721259829,0.9845050774636099,0.983169691601176,0.9793159644191384,0.9814331672730336,0.977845320878728,0.9805925271024635,0.9784120717625135,0.9815139059435541,0.9808405323067699,0.9816292961535121,0.9804747471568542,0.9812921471061172,0.979148554065695,0.9792564084237609,0.9833477590820947,0.9827781433517984,0.9811475780246907,0.9800527537839776,0.9872898643609209,0.983012223110212,0.9809942916647697,0.9751446704326066,0.9848551435370633,0.9804799744630305,0.9762010928941334,0.9801200253200977,0.9863011530747634,0.9792717165674869,0.9785634063723442,0.9780175031743993,0.9774920540281895,0.9815050016967297,0.9776167494322301,0.9853464036350725,0.9767797779844055,0.9799125018055143
800.0,0.9825347243081611,0.9812477628619315,0.9836337597418879,0.985513567565274,0.9818684148533771,0.9803830641462232,0.9825877055186235,0.9775343912484634,0.982522643766402,0.9834959333560357,0.9837215759191021,0.9799283249194555,0.9840259969569304,0.9806500056228736,0.9859984958579042,0.9795240191218932,0.9785450131373667,0.9821268011167217,0.9786976351713921,0.9797218592569166,0.9775529285589944,0.9810168908795842,0.9740795115673572,0.9796084530936365,0.9808443456696537,0.9800800100375215,0.9762291986747411,0.9821179059066685,0.9830186122157849,0.9850969326430059,0.9855892721998815,0.9842442258406974,0.9739381773082966,0.9818521627995831,0.9811986831500918,0.9824635642837284,0.9803884790736394,0.982487110803558,0.9782703061424554,0.9797309516174147,0.9812072570771002,0.9815000205358771,0.9777287123636638,0.9811781945131369,0.9804181290166152,0.9846795856885324,0.9815803568652499,0.9798720010324897,0.9822188787077439,0.9844674714881774,0.9860416723106784,0.9799170821956409,0.9797573974219577,0.9850319000582827,0.9724024912647529,0.9738718193797083,0.9805895389582575,0.9782115767129208,0.9811432375538626,0.981285771255716,0.9839396166619657,0.980267636206219,0.9792354709491363,0.9837975145424104,0.9831478105527603,0.9825131141095713,0.9797738803388143,0.9800117666956962,0.9798127728070849,0.9801643246984328,0.9784219440906278,0.9783114648646534,0.9801890075227566,0.9821654428720401,0.9803259414006764,0.9805289645806382,0.9804297063004607,0.9800134332648215,0.9838221711191312,0.9837684483765616,0.9835478055894266,0.978571016384558,0.9852955427959612,0.9807357655366187,0.9817254794115619,0.9779132017753911,0.983673505844153,0.9794581207125219,0.9756701189029958,0.9801560848218708,0.9863940306077058,0.9797005086069248,0.9784720237352914,0.9766632461016692,0.9776090902735867,0.9809124007538964,0.976410963586783,0.9875547275843531,0.9758760721015844,0.9802419631735375
820.0,0.9829900202960699,0.9810692932853435,0.9826333703871903,0.9842169586355184,0.9824032954084592,0.9794768670308529,0.9827492884009285,0.9763283560908396,0.9840335267502046,0.9811311148690072,0.9825353856575597,0.9797041483361795,0.9833300303210406,0.980728631999327,0.9859762782330181,0.9794953541206377,0.9784224817964047,0.9810976379930422,0.9778155982440525,0.9780404636219309,0.9771068659938796,0.9806229416926858,0.9720249469683417,0.9798398743299682,0.9815432535539456,0.9796747097311053,0.9758410308436921,0.9835226394327676,0.9816430987865346,0.9855353798196343,0.9852357828334123,0.9830524531249246,0.974247457595295,0.9817937415417956,0.9803357201740448,0.9814557250623904,0.980220552888177,0.9808801615665625,0.9768733047337679,0.979541594369325,0.9803549844090307,0.9811981716375101,0.9785025514487774,0.9807544473315896,0.9784416528518501,0.9849009055138577,0.9791051560894354,0.9792837568241386,0.9829990258424353,0.9851790205446438,0.9855894744078716,0.9794873534639279,0.9784490575283157,0.9847284708740301,0.9722861902448564,0.9734892941366723,0.9780786254578905,0.9774879885557953,0.9812681693860186,0.9828094632612134,0.9835679568918702,0.9816449551274634,0.9792309027222736,0.9847790452131872,0.9843463881339019,0.9820922269988189,0.9795817173463545,0.9790157521974191,0.9780100430344607,0.980811740257304,0.978820403715681,0.9794330463689385,0.9805175089811597,0.9795300347333754,0.9795556730342072,0.9791708292812894,0.9801669479725097,0.9800001641353523,0.9835037164973716,0.9837086613442635,0.9822716297577295,0.9790434204426309,0.9876760709250552,0.9821518490009217,0.9800675034216786,0.9766506517230383,0.9828539066990597,0.9796140108858808,0.9746486027810122,0.9804228299401789,0.9861757170684172,0.9785779537100446,0.9786710109550191,0.9782225711965168,0.9754772651013838,0.9812212265850924,0.9767815591171014,0.9840612126443854,0.9764655831231827,0.9788672687119507
840.0,0.9826372350425396,0.9810541598788176,0.9821100223458683,0.9844187896419606,0.9818485810037907,0.9800672176658766,0.9829777774441457,0.9763391210271886,0.9830975284644311,0.9809140372557019,0.9831525766243139,0.9808046726031643,0.9838670757567431,0.9798284776202574,0.9856025659044346,0.9774030953243833,0.9782020482720916,0.9802838526116333,0.9774607462171453,0.9785354965819949,0.9754332898544267,0.9814963874440349,0.972032865134639,0.9785211525441792,0.9795969600937073,0.9791099196860158,0.9759297899790601,0.9832963209729284,0.9797938401620674,0.9842267669207193,0.9852548582265443,0.9834348734323366,0.9734152625842238,0.9810528372423958,0.9817135656202312,0.9806721965375201,0.9782867917500433,0.9826230157731115,0.9774991906069112,0.9792965466023781,0.9800169578676979,0.9808135282247713,0.9788640868990567,0.9795246068113269,0.9804905004950761,0.9861474844219253,0.979669926651146,0.9799311946770282,0.9818391605303304,0.9844124658925256,0.9867931013848991,0.977939081885989,0.978424319744419,0.9835772420139143,0.9726945282926142,0.9744671692999965,0.9776868140097231,0.9773712958181505,0.9804481965243241,0.9822331406160358,0.985023883468412,0.9788936593806882,0.97912325311171,0.9824822831505742,0.9831608143881418,0.9815532574755061,0.9788476015964436,0.9809777982273292,0.9790715562221638,0.9798479873956912,0.9776851050490742,0.979915375948268,0.9789187790028926,0.9785402370413987,0.9790873567196264,0.9791072922337226,0.9798547146310874,0.9790095744010925,0.9812970437552847,0.9830790108735761,0.9820499105465748,0.9782154851484546,0.9863460289837613,0.9810870522109781,0.980484946522393,0.9755116732422943,0.9825169532932547,0.979114483170225,0.9738806128128191,0.9822545410863763,0.9861489324698834,0.9787004620897336,0.9772715538625047,0.9748806335009074,0.977109423628913,0.9796836872611954,0.9763973037132971,0.9848735353549836,0.9752259148368755,0.9774257577535487
860.0,0.9824607896577093,0.9818987050887402,0.9811399704979799,0.9820248157393692,0.9809216588114061,0.9792967423914595,0.9810688480500176,0.976679994697021,0.9811744217178707,0.9824122094049007,0.9815846941499656,0.9785658308168215,0.9834660738998918,0.9798927356053158,0.9851967843593787,0.9788451915495804,0.9782225004795748,0.9805419259712553,0.9776555232829394,0.9784541280283594,0.9764947997565846,0.9780560817978298,0.9704723864237816,0.9785176634472195,0.9797478484423708,0.9767973446768227,0.976350251519599,0.984856899559151,0.9817200954727665,0.9845569593662092,0.9856770360335374,0.982879089600204,0.9744791677990432,0.9795330170981756,0.9805167144945047,0.9808086624504291,0.9788710555466942,0.9813728265247657,0.9767698545843111,0.9793014682786436,0.9802181586418716,0.9800779225555066,0.9773255007068061,0.9772841427944392,0.9792242593338765,0.9832496307693174,0.979155868235848,0.9780760807999941,0.9818141721493392,0.98348407934202,0.9862309737982965,0.9778488809688205,0.9790787728850522,0.9824760601735048,0.9713271652757165,0.971459238477995,0.9777841048497522,0.9772241117192059,0.9798278001932903,0.9821901996146325,0.9841248618259499,0.9796767057645923,0.9787511598231318,0.9827019553385613,0.9835207377669103,0.9804980523436072,0.9789679275204237,0.9783108593277283,0.9776749741509426,0.9796801117075362,0.9771254143243899,0.9794013345359922,0.9801533113717676,0.9774956800627572,0.9787344466135594,0.9789377289644728,0.9808084668118978,0.9795684755863453,0.9820932488884816,0.9814854434872746,0.9834699636496709,0.9782883640772534,0.9870284384788099,0.9817083878686027,0.9788502090814205,0.9765916205014982,0.9827501133805836,0.9781741802736948,0.9745692572757255,0.9799011683400443,0.9839265718609198,0.9803610861795521,0.9778555873767005,0.9763579531373764,0.9767022647495125,0.9791366134588376,0.974910991874004,0.9849529683472389,0.975287607089951,0.9780783974878142
880.0,0.9827272169667159,0.9805837789771421,0.9803626011836132,0.9833893920430304,0.9808397361621333,0.9783822584549314,0.9815557662883727,0.9765015125847032,0.981955917105477,0.9809122483454179,0.9835675688349055,0.9771543772229494,0.9837219329647214,0.9794908735602724,0.9842870021423605,0.9770017077155083,0.9776078121583328,0.9776361199567563,0.9765922994473493,0.9799928622864629,0.9744755782044877,0.9785839066516913,0.9702586342876992,0.9781460612737936,0.977949244398646,0.9783421141697316,0.9749893257323117,0.9817700884410707,0.9813976447267009,0.9833239898121439,0.9831802340015743,0.9834485506481565,0.97327679725583,0.9804779230378731,0.9808300356399509,0.9818312738882292,0.9792553631897656,0.9802851011606031,0.9761521956362523,0.9784070253330648,0.9811605615466769,0.9791166598715065,0.9783724682858022,0.9792823872340136,0.9795166715248104,0.9850690231246633,0.9787954850810046,0.9771471252545328,0.9803737925831443,0.9832729923759459,0.9856593120340273,0.9782522179637937,0.9786759967433183,0.9841470790235324,0.9698858866159805,0.9720240361968244,0.9781472390040697,0.9770209384253244,0.9808153927516383,0.981169317007493,0.9836474077032634,0.9796806374295993,0.9769439029080674,0.982847153424261,0.9829741424818141,0.9804309395990762,0.9781073022014868,0.9778679237499307,0.9784360765489154,0.9793622308713599,0.9770222858973524,0.9794980511922637,0.978329090725441,0.9787811978985826,0.9787648827575826,0.9787518220627459,0.9783984411627131,0.9781999143306358,0.9834324276275076,0.983121668105735,0.9812850313598359,0.9777408933116074,0.9849487482530573,0.9804915522688175,0.9804712009836766,0.9748853682830215,0.98195793046618,0.9786140618658329,0.9740741233102659,0.9806396177843877,0.9871226196861581,0.9783892955600152,0.9769975055858579,0.9758651566407283,0.977133271091074,0.9791072246037457,0.9751937716509658,0.9842298817244579,0.9757394110418685,0.9794155682570722
900.0,0.9819553978665032,0.9807371850304824,0.9810493760901642,0.9825192297021977,0.9795734108330703,0.9791049620981771,0.9825832999702484,0.9750177176682727,0.9810879683146201,0.9819124042778602,0.9832491969980386,0.9800621368381265,0.9820601704960111,0.9796832243464062,0.9848277798447141,0.9780310253674263,0.9783648713501144,0.9799966712825303,0.9757022362414509,0.9766078634434325,0.9745534178272328,0.9784721154092343,0.9693837641344907,0.977253400095377,0.9797823943488673,0.9776750543015438,0.973733036588834,0.9823810462852891,0.9809302932277448,0.9835625749568441,0.9851563565929697,0.9820822957412285,0.9713994675330244,0.9802027345109613,0.9813953894235401,0.9811807922415838,0.9779548946944396,0.9818528202362005,0.9783560542552372,0.9783179526050997,0.9772356606309737,0.9800893870433061,0.9782663952243217,0.9767740921688789,0.9791147730600241,0.983213829175372,0.9784780218594374,0.9786150865923937,0.9824952183396292,0.9849769642963225,0.9851770328179785,0.9776383989465279,0.976867336796425,0.9825932552810043,0.9708175968751878,0.9718642816868904,0.9765750829664628,0.977990723006983,0.980421113661806,0.9814906219470394,0.9841114299356611,0.9811084067150723,0.9778103696550784,0.982235153434581,0.9845043171345824,0.9806991070339406,0.9774798859238659,0.9765793629297839,0.9771593020392152,0.9801217922568869,0.9758251446401655,0.9790868277848768,0.9802868562612742,0.9784171970420643,0.9781233616176662,0.9770606251974548,0.9784092068253838,0.9779578185214882,0.9822813629739039,0.9827223442570234,0.9810547312745401,0.9759882267518758,0.9848777305815142,0.9814217882864759,0.9795878106895339,0.9745113137412903,0.9819506727282407,0.977752884925729,0.972892466518377,0.9800158049914381,0.9853072575270297,0.9770397209392205,0.9754530713690696,0.9761289491023305,0.9746022629670386,0.9793945059459841,0.9749902819830878,0.984092574942328,0.9741284909543692,0.9772245802804839
920.0,0.9820682453116617,0.9818128588363789,0.9811336258188524,0.9819861831004003,0.9802115740700336,0.9777424051854725,0.9805478238778474,0.9757923971671919,0.9809241788074027,0.9801615565489367,0.981803124663731,0.9805040465061786,0.9818876430498283,0.9794056506803258,0.9841492127183153,0.9762109031709733,0.9766553167537196,0.9764837523200982,0.9756026838441866,0.9785628185021094,0.9758635947196098,0.9788372519295045,0.9673838058538365,0.9781382537935314,0.9779168563782014,0.9757419110960972,0.9747425105340404,0.983818088527047,0.9811996540355574,0.9821348755341126,0.984170664820656,0.9810142366745036,0.9725662853194205,0.9800745096748744,0.9800838898623809,0.9803208683069816,0.979194792901595,0.9811324953214842,0.9768674808711413,0.9773998831445708,0.9777074108846928,0.9791129808549338,0.9773159707936021,0.9794086714530708,0.9786691503732566,0.9838938785133531,0.9783514050942941,0.9783098782547944,0.9808742809922639,0.9834769668296371,0.985174327417524,0.9766857018469584,0.9766473003943337,0.9825003175117236,0.9695349971176799,0.9706096485466185,0.9761973596543385,0.9753124353842826,0.9805492927935634,0.979193694142297,0.9844385299287426,0.980043855340686,0.977851779157887,0.9816030930187849,0.9843150035507756,0.9808496297879228,0.9789647437863293,0.9787931563813792,0.9773006464752277,0.9792373130564594,0.9768241724827443,0.9783287920024197,0.9772990524880802,0.9778455217900093,0.9773943797839775,0.9765979603986445,0.9766793806720898,0.9770351721959069,0.9808356273256573,0.9819641117768199,0.9812390802614054,0.978197452954988,0.984495644089626,0.9808286826262923,0.9785089429368968,0.9749862778785694,0.9807033026911404,0.9771883161548744,0.9738399840287659,0.9790448162960611,0.9856985124163677,0.9778135135550845,0.975032991314234,0.9761115639061161,0.9766812654634166,0.9788370826278298,0.9752059297763861,0.9829437311959722,0.9749484500578519,0.9779837937891768
940.0,0.9813298529547022,0.980224369823046,0.9823313168977917,0.9820280455708446,0.9799199753984764,0.9777374938495057,0.9802315852875062,0.9744224853625476,0.9810400647555789,0.9814080095912743,0.9820522265335424,0.9778339076753974,0.9816134299824664,0.9771655122544072,0.9835450477566554,0.9760504260958056,0.9761794752065984,0.9777381159643946,0.976092568194912,0.9771830322280264,0.9751272628758938,0.9786325648731916,0.9679565938046927,0.977817613706954,0.9777742154139327,0.9766841778419618,0.9744434463993125,0.9825751757486071,0.9792164981980377,0.9813315292380044,0.9837895437542379,0.9809308278201352,0.9709929041918577,0.9794728032726793,0.980515147801548,0.980648788657848,0.9772023683044363,0.9793526336210903,0.9766265461966774,0.9773406638879556,0.9775026423626676,0.9795111039225655,0.9744407408531423,0.9780536860850076,0.9792266995635833,0.9834030635851934,0.9786427424078527,0.9778728464617307,0.9808011247872618,0.9846990472196172,0.9839710995768863,0.975383301696901,0.9771000329616365,0.9818869828500967,0.9709769134668914,0.9708023560104967,0.9772241419291763,0.9763379072656073,0.9801647781554479,0.9810289203954439,0.9825701101194044,0.978700997138836,0.9772625700279699,0.9805158756160581,0.9825332383046095,0.9815430223334829,0.9782031801686009,0.9781302555429173,0.9768599922484865,0.9790015843388837,0.9747436494567816,0.9778534688435326,0.9774989555037236,0.9782423215382625,0.9785173961676423,0.9768105163104649,0.978086974146601,0.9783212297333159,0.9836071482631332,0.9813955559885308,0.9814211777682822,0.9769185619272707,0.9854359750771283,0.9816664634146471,0.9802815027667506,0.9757647106563166,0.9823399808705099,0.9763430835409356,0.9718603629928274,0.9776605282113535,0.9839421627936321,0.9762697401848653,0.9767257918146917,0.9762181342087215,0.9760512788324007,0.9792832381807131,0.9748731118027768,0.9836417174029767,0.974608197723581,0.9758962885785543
960.0,0.9812597824915307,0.9808373805631243,0.9807635455943029,0.9822344616394024,0.9800519177573092,0.9765241650050555,0.9807999912736702,0.9733207992073353,0.9811293109852343,0.9800796387803272,0.9795918146589029,0.9763044679475035,0.9823920427141821,0.9763672271096808,0.9847551744585779,0.9759004937339678,0.976928028131258,0.9791949248820933,0.9752415217108931,0.9770724389085753,0.9752819736533843,0.9773410188558965,0.9671675090698463,0.9774634968315979,0.9779048646790116,0.976675189361673,0.9738565130760715,0.9824295421561233,0.9814913922727986,0.9837384195072478,0.9825659468800392,0.9813769675258239,0.9707372017418319,0.9793019436032291,0.9798257491767371,0.9789554977963132,0.9776339072979643,0.9815204149055468,0.9757516912174972,0.9770621679777282,0.9770147285921279,0.9785238771669919,0.9755490025036493,0.9784055018379004,0.9770767191207855,0.9826177932794516,0.9787675629737278,0.9775009474307114,0.9786785975583235,0.9827623332263601,0.9851490718350548,0.9764500725130453,0.9780777492767652,0.9812080250073951,0.9690122729636839,0.9690837713305962,0.9763600761830361,0.9754814160171849,0.9796529072844337,0.9802179832811114,0.9831612355573641,0.9799103380960001,0.9769733847503488,0.9811002485064354,0.9823159302343629,0.9800929317851197,0.976441355830435,0.978971622410323,0.9764524805141137,0.9793456788927621,0.975486710268133,0.9777831222092529,0.9784105183766778,0.978082347908225,0.9782283400691769,0.9764394862421442,0.9778600343916897,0.9765871731537326,0.9814545503455023,0.9811626121238906,0.9804853542370013,0.9762814697141208,0.9851007180910339,0.9802865671318352,0.9780826671372747,0.9752817202148321,0.9801449462347943,0.9770538405321795,0.9717169169057106,0.979003433080229,0.9844801261108913,0.9760762607688093,0.9764496866590012,0.9744038712586925,0.9760419525410712,0.9794623008884169,0.9736704375554666,0.9837443484253182,0.9744299479675312,0.976131594093144
980.0,0.98128817964928,0.9792404850085216,0.9811898456541654,0.9830074818057335,0.9791570811059924,0.9765033354657896,0.9810644269726363,0.9731597361704614,0.9801067156952128,0.9799135410668104,0.9803548723982359,0.977303580323456,0.9827226799172906,0.9786722740148934,0.9844617450969118,0.9778161598275013,0.9749943457552164,0.9789343141295709,0.9751674237697019,0.9765208488060058,0.973514236957377,0.977471555829689,0.9663762687190824,0.9779118097198894,0.9763744252634974,0.9765107584169946,0.9735580738600252,0.9818361158325299,0.9788549496786199,0.9819751683270412,0.9839372381502215,0.9805712030123473,0.9710388018696247,0.9793594604730598,0.9803400486671419,0.9796428946178123,0.9770948619796727,0.9803621386462464,0.9755391634523162,0.9768361696621883,0.9765353863764419,0.9779982875859443,0.9777624872768704,0.9765739378709504,0.9776001908154058,0.9823864992855805,0.9773668512959085,0.9766067245415232,0.9790434582580944,0.9831944508634516,0.983377914360863,0.9769049908879446,0.9748505189063748,0.9805079913255716,0.9667746650539346,0.9710786194527541,0.9741025991214507,0.9737253781330375,0.9796371120427209,0.9803178650009251,0.984517972345468,0.9779964778409089,0.977246677547861,0.9804054756710261,0.9817365483880425,0.9806671824046671,0.977193136606308,0.9756097572088999,0.9759037297345245,0.978480359161583,0.9761209169980006,0.9786053319829703,0.9791138508915431,0.9777279248601402,0.9791022846960203,0.976389369407054,0.9774756178960995,0.9771754254692844,0.9815422839029795,0.9806703424502661,0.9793304681214158,0.9759092832742332,0.9844901715406443,0.979403275594516,0.9794842399000533,0.9739162030886326,0.9804681334394671,0.9774960597620843,0.9731127470702815,0.9766630933154695,0.9841329610061476,0.9758891584873015,0.9754188485614231,0.9751026477707083,0.9746460832319107,0.9773434978418192,0.9741445547292406,0.9833777119888323,0.973336626254926,0.976340037343386
1000.0,0.9793739968715303,0.9795650085100311,0.9797504665668283,0.9809884013982458,0.9797157426168365,0.9755831313601452,0.9801507877765671,0.9720979010319849,0.980975276396777,0.9806932158614952,0.9808069819714127,0.977023172546163,0.9809233247450814,0.9785290374623058,0.9825234971994267,0.9756214315300624,0.9762148156029663,0.9773432267406984,0.9750898245571376,0.9764668845553439,0.9724517843125887,0.9772859275804829,0.9667829080743093,0.977537578817211,0.9775119840212082,0.9758923693955321,0.9723763814769143,0.9817757662915239,0.9799619934397651,0.9821794052470101,0.981397116248482,0.9816684480402802,0.9699859989725508,0.9794821026988928,0.9799215818039627,0.9794696200675639,0.977398031122983,0.9795653510979282,0.9761300241393487,0.9769723261980358,0.9768620043629878,0.978786397744356,0.9755006593333738,0.975745634612493,0.9782739708054052,0.9831845765818147,0.9777263986137136,0.9771837547425903,0.9804303983847347,0.9846655890744637,0.9847416799205145,0.9747688559640724,0.9762940568230922,0.9819540472296009,0.9684009652484267,0.9689952167126222,0.9744416615932335,0.9752682843810503,0.9788927640768813,0.9798620821308354,0.9822412519339437,0.9791204439116041,0.9756807617824234,0.979640508629496,0.9826924460212847,0.9804678643743853,0.9758348133168431,0.9775741284916438,0.9751129761785382,0.978099384426159,0.9754296083307504,0.9768097280302724,0.977742500760578,0.9769220064827142,0.9769101048276184,0.9771075893469519,0.9784789406130904,0.9765360275292148,0.9813133978092362,0.9809994680641159,0.9796496358850625,0.9763348559021827,0.9838657456983337,0.9795596384136037,0.9780057786748785,0.9736464685327646,0.9806505414267392,0.9761907765687152,0.9721210601445723,0.97885037933713,0.9856620393771883,0.9760554314119554,0.976027108435862,0.9744520697183193,0.9751496810034821,0.9772447601883966,0.9732602029377644,0.9833538492699258,0.9754579819732799,0.9758437161931253
